epoch,adamw,ademamix_tuned,ademamix_paper_warmups,ademamix_no_slow_ema,sgd_momentum
1,0.54205142,0.54204213,0.63292640,0.54205142,0.64815105
2,0.37519332,0.37513765,0.57927437,0.37519332,0.57398781
3,0.31101593,0.31096147,0.53150181,0.31101593,0.49025762
4,0.27626919,0.27621087,0.49111955,0.27626919,0.41250288
5,0.23828379,0.23820688,0.45618900,0.23828379,0.34824842
6,0.20299015,0.20289756,0.42525906,0.20299015,0.29844252
7,0.17781877,0.17772260,0.39825766,0.17781877,0.26091227
8,0.16378763,0.16369812,0.37497216,0.16378763,0.23280689
9,0.15752631,0.15744685,0.35462799,0.15752631,0.21162643
10,0.15462947,0.15455763,0.33637155,0.15462947,0.19545786
11,0.15189687,0.15182785,0.31977165,0.15189687,0.18291684
12,0.14797571,0.14790518,0.30473817,0.14797571,0.17302324
13,0.14294373,0.14286920,0.29121509,0.14294373,0.16508728
14,0.13757517,0.13749613,0.27902736,0.13757517,0.15862265
15,0.13273278,0.13265020,0.26793518,0.13273278,0.15328441
16,0.12901126,0.12892692,0.25776815,0.12901126,0.14882573
17,0.12660539,0.12652124,0.24847573,0.12660539,0.14506781
18,0.12534052,0.12525821,0.24006658,0.12534052,0.14187896
19,0.12480582,0.12472630,0.23252307,0.12480582,0.13916019
20,0.12453114,0.12445460,0.22576482,0.12453114,0.13683508
21,0.12414614,0.12407202,0.21967412,0.12414614,0.13484296
22,0.12347176,0.12339904,0.21414603,0.12347176,0.13313422
23,0.12252590,0.12245344,0.20911531,0.12252590,0.13166723
24,0.12146047,0.12138737,0.20454562,0.12146047,0.13040638
25,0.12046787,0.12039371,0.20040150,0.12046787,0.12932081
26,0.11969656,0.11962142,0.19663018,0.11969656,0.12838364
27,0.11920290,0.11912733,0.19316523,0.11920290,0.12757146
28,0.11894822,0.11887302,0.18994467,0.11894822,0.12686406
29,0.11883169,0.11875769,0.18692651,0.11883169,0.12624408
30,0.11873924,0.11866703,0.18409050,0.11873924,0.12569685
31,0.11858675,0.11851650,0.18142772,0.11858675,0.12521012
32,0.11834321,0.11827466,0.17892827,0.11834321,0.12477377
33,0.11803000,0.11796252,0.17657583,0.11803000,0.12437960
34,0.11770169,0.11763450,0.17435096,0.11770169,0.12402100
35,0.11741862,0.11735103,0.17223824,0.11741862,0.12369274
36,0.11722234,0.11715402,0.17023066,0.11722234,0.12339068
37,0.11712190,0.11705296,0.16832805,0.11712190,0.12311156
38,0.11709412,0.11702510,0.16653163,0.11709412,0.12285282
39,0.11709594,0.11702760,0.16483896,0.11709594,0.12261240
40,0.11708273,0.11701573,0.16324263,0.11708273,0.12238867
41,0.11702490,0.11695955,0.16173273,0.11702490,0.12218024
42,0.11691687,0.11685298,0.16030039,0.11691687,0.12198595
43,0.11677578,0.11671273,0.15893977,0.11677578,0.12180477
44,0.11663182,0.11656877,0.15764730,0.11663182,0.12163579
45,0.11651494,0.11645116,0.15641936,0.11651494,0.12147813
46,0.11644346,0.11637859,0.15525057,0.11644346,0.12133099
47,0.11641855,0.11635274,0.15413377,0.11641855,0.12119357
48,0.11642587,0.11635971,0.15306158,0.11642587,0.12106511
49,0.11644286,0.11637716,0.15202813,0.11644286,0.12094489
50,0.11644799,0.11638345,0.15102982,0.11644799,0.12083218
51,0.11642842,0.11636539,0.15006470,0.11642842,0.12072629
52,0.11638334,0.11632171,0.14913124,0.11638334,0.12062656
53,0.11632238,0.11626161,0.14822746,0.11632238,0.12053237
54,0.11626034,0.11619973,0.14735086,0.11626034,0.12044312
55,0.11621081,0.11614977,0.14649909,0.11621081,0.12035828
56,0.11618118,0.11611944,0.14567059,0.11618118,0.12027735
57,0.11617080,0.11610851,0.14486473,0.11617080,0.12019990
58,0.11617250,0.11611013,0.14408142,0.11617250,0.12012554
59,0.11617638,0.11611450,0.14332043,0.11617638,0.12005395
60,0.11617410,0.11611314,0.14258105,0.11617410,0.11998483
61,0.11616179,0.11610190,0.14186215,0.11616179,0.11991796
62,0.11614070,0.11608171,0.14116256,0.11614070,0.11985315
63,0.11611570,0.11605721,0.14048139,0.11611570,0.11979025
64,0.11609252,0.11603411,0.13981812,0.11609252,0.11972914
65,0.11607526,0.11601668,0.13917239,0.11607526,0.11966972
66,0.11606499,0.11600621,0.13854373,0.11606499,0.11961192
67,0.11605990,0.11600113,0.13793142,0.11605990,0.11955566
68,0.11605669,0.11599822,0.13733456,0.11605669,0.11950089
69,0.11605225,0.11599436,0.13675228,0.11605225,0.11944757
70,0.11604497,0.11598777,0.13618389,0.11604497,0.11939563
71,0.11603513,0.11597856,0.13562887,0.11603513,0.11934503
72,0.11602433,0.11596822,0.13508683,0.11602433,0.11929572
73,0.11601445,0.11595864,0.13455730,0.11601445,0.11924763
74,0.11600673,0.11595112,0.13403978,0.11600673,0.11920073
75,0.11600123,0.11594587,0.13353373,0.11600123,0.11915495
76,0.11599706,0.11594208,0.13303866,0.11599706,0.11911024
77,0.11599296,0.11593853,0.13255423,0.11599296,0.11906655
78,0.11598801,0.11593422,0.13208018,0.11598801,0.11902381
79,0.11598200,0.11592887,0.13161634,0.11598200,0.11898199
80,0.11597546,0.11592291,0.13116248,0.11597546,0.11894104
81,0.11596924,0.11591716,0.13071834,0.11596924,0.11890091
82,0.11596407,0.11591237,0.13028361,0.11596407,0.11886157
83,0.11596013,0.11590882,0.12985799,0.11596013,0.11882297
84,0.11595708,0.11590623,0.12944122,0.11595708,0.11878509
85,0.11595426,0.11590399,0.12903304,0.11595426,0.11874790
86,0.11595105,0.11590147,0.12863322,0.11595105,0.11871137
87,0.11594718,0.11589832,0.12824150,0.11594718,0.11867548
88,0.11594281,0.11589462,0.12785762,0.11594281,0.11864020
89,0.11593837,0.11589078,0.12748132,0.11593837,0.11860551
90,0.11593436,0.11588730,0.12711238,0.11593436,0.11857141
91,0.11593107,0.11588451,0.12675063,0.11593107,0.11853787
92,0.11592845,0.11588242,0.12639592,0.11592845,0.11850488
93,0.11592623,0.11588080,0.12604816,0.11592623,0.11847242
94,0.11592401,0.11587928,0.12570724,0.11592401,0.11844048
95,0.11592154,0.11587755,0.12537308,0.11592154,0.11840905
96,0.11591874,0.11587551,0.12504559,0.11591874,0.11837813
97,0.11591578,0.11587328,0.12472467,0.11591578,0.11834769
98,0.11591291,0.11587109,0.12441027,0.11591291,0.11831772
99,0.11591032,0.11586914,0.12410232,0.11591032,0.11828822
100,0.11590809,0.11586756,0.12380077,0.11590809,0.11825918
101,0.11590614,0.11586628,0.12350555,0.11590614,0.11823059
102,0.11590431,0.11586517,0.12321662,0.11590431,0.11820243
103,0.11590247,0.11586409,0.12293392,0.11590247,0.11817469
104,0.11590053,0.11586293,0.12265741,0.11590053,0.11814738
105,0.11589854,0.11586169,0.12238705,0.11589854,0.11812047
106,0.11589656,0.11586046,0.12212283,0.11589656,0.11809396
107,0.11589470,0.11585932,0.12186472,0.11589470,0.11806785
108,0.11589298,0.11585833,0.12161271,0.11589298,0.11804211
109,0.11589141,0.11585749,0.12136676,0.11589141,0.11801675
110,0.11588991,0.11585674,0.12112686,0.11588991,0.11799175
111,0.11588845,0.11585604,0.12089296,0.11588845,0.11796711
112,0.11588699,0.11585535,0.12066503,0.11588699,0.11794282
113,0.11588553,0.11585467,0.12044303,0.11588553,0.11791888
114,0.11588412,0.11585402,0.12022692,0.11588412,0.11789527
115,0.11588278,0.11585344,0.12001665,0.11588278,0.11787200
116,0.11588152,0.11585294,0.11981218,0.11588152,0.11784904
117,0.11588033,0.11585251,0.11961346,0.11588033,0.11782641
118,0.11587918,0.11585213,0.11942045,0.11587918,0.11780409
119,0.11587805,0.11585178,0.11923312,0.11587805,0.11778207
120,0.11587694,0.11585145,0.11905143,0.11587694,0.11776036
