epoch,sgd,sgd_momentum,adagrad,rmsprop,adam
1,0.66196808,0.66196808,0.60062735,0.73654470,0.60062735
2,0.54013360,0.44171528,1.75298950,0.64517901,2.49930659
3,0.46148673,0.32175376,0.56939325,0.58359135,0.49849350
4,0.40519591,0.25622905,0.17492516,0.53543248,0.26622028
5,0.36302205,0.21127246,0.15478130,0.49538908,0.54298601
6,0.33053289,0.17421955,0.15032696,0.46103358,0.51571752
7,0.30492442,0.14853215,0.14780130,0.43108077,0.32253609
8,0.28431731,0.14256551,0.14605577,0.40475697,0.19284859
9,0.26742607,0.15116731,0.14480050,0.38151538,0.20220891
10,0.25335799,0.15822454,0.14385252,0.36096561,0.25600907
11,0.24148160,0.15728175,0.14311840,0.34290803,0.26077496
12,0.23134037,0.15519206,0.14253364,0.32733753,0.22116027
13,0.22259662,0.15814319,0.14205930,0.31341066,0.18269352
14,0.21499495,0.16508961,0.14166703,0.29968580,0.20623171
15,0.20833834,0.17169279,0.14133801,0.28679785,0.23077258
16,0.20247215,0.17415210,0.14105793,0.27531522,0.18144436
17,0.19727315,0.17168253,0.14081673,0.26504774,0.17096701
18,0.19264190,0.16764777,0.14060649,0.25576748,0.19110759
19,0.18849728,0.16628812,0.14042141,0.24731293,0.18141190
20,0.18477250,0.16665407,0.14025682,0.23957028,0.15231355
21,0.18141207,0.16450619,0.14010919,0.23246399,0.15467052
22,0.17836956,0.15902520,0.13997562,0.22593136,0.17545637
23,0.17560583,0.15311242,0.13985388,0.21993804,0.16657342
24,0.17308772,0.14911913,0.13974209,0.21445000,0.14413860
25,0.17078691,0.14717406,0.13963881,0.20944575,0.14343403
26,0.16867915,0.14672964,0.13954278,0.20482414,0.15650290
27,0.16674350,0.14695581,0.13945304,0.20045371,0.15049463
28,0.16496186,0.14697090,0.13936874,0.19617801,0.13772529
29,0.16331846,0.14738376,0.13928922,0.19205171,0.14411750
30,0.16179954,0.14860815,0.13921390,0.18813415,0.15326384
31,0.16039302,0.14843144,0.13914233,0.18450328,0.14501689
32,0.15908829,0.14580064,0.13907410,0.18113750,0.13747588
33,0.15787594,0.14267622,0.13900894,0.17803025,0.14360732
34,0.15674766,0.14062256,0.13894655,0.17514444,0.14602496
35,0.15569606,0.13983187,0.13888680,0.17247264,0.13877076
36,0.15471455,0.13983168,0.13882948,0.16999043,0.13550657
37,0.15379723,0.13966102,0.13877460,0.16769928,0.13961987
38,0.15293881,0.13909389,0.13872205,0.16557481,0.13911141
39,0.15213454,0.13889040,0.13867203,0.16361239,0.13403862
40,0.15138015,0.13922067,0.13862451,0.16175954,0.13410589
41,0.15067177,0.13941359,0.13858003,0.15999538,0.13737092
42,0.15000589,0.13908601,0.13853865,0.15826690,0.13688726
43,0.14937936,0.13836886,0.13850153,0.15659842,0.13407262
44,0.14878928,0.13752658,0.13846877,0.15498805,0.13420638
45,0.14823304,0.13687330,0.13844275,0.15348013,0.13596510
46,0.14770823,0.13650161,0.13842343,0.15206920,0.13490439
47,0.14721266,0.13611128,0.13841551,0.15077449,0.13306032
48,0.14674435,0.13557115,0.13841799,0.14957949,0.13378254
49,0.14630144,0.13514947,0.13843984,0.14849224,0.13459471
50,0.14588226,0.13499197,0.13847623,0.14749554,0.13316514
51,0.14548524,0.13499501,0.13854335,0.14659306,0.13225827
52,0.14510898,0.13503892,0.13862439,0.14576393,0.13327001
53,0.14475214,0.13498976,0.13874629,0.14500321,0.13339396
54,0.14441352,0.13480720,0.13886329,0.14428494,0.13232753
55,0.14409198,0.13463848,0.13901837,0.14360306,0.13241872
56,0.14378649,0.13454963,0.13911806,0.14294433,0.13300490
57,0.14349608,0.13443446,0.13923543,0.14231809,0.13249684
58,0.14321985,0.13425204,0.13923598,0.14172729,0.13199723
59,0.14295699,0.13406021,0.13924060,0.14118594,0.13233588
60,0.14270670,0.13390292,0.13911207,0.14069518,0.13231098
61,0.14246828,0.13380657,0.13900228,0.14026197,0.13165471
62,0.14224104,0.13375696,0.13880008,0.13988142,0.13153093
63,0.14202437,0.13368749,0.13863816,0.13955437,0.13175274
64,0.14181768,0.13357657,0.13843610,0.13927248,0.13140775
65,0.14162043,0.13347210,0.13827953,0.13903149,0.13102929
66,0.14143210,0.13339611,0.13811503,0.13882101,0.13109997
67,0.14125221,0.13332468,0.13798770,0.13863337,0.13099767
68,0.14108032,0.13324304,0.13786493,0.13846045,0.13064989
69,0.14091601,0.13315079,0.13776781,0.13829789,0.13056734
70,0.14075889,0.13305622,0.13767769,0.13814455,0.13055632
71,0.14060858,0.13298427,0.13760386,0.13800295,0.13026544
72,0.14046473,0.13294345,0.13753601,0.13787506,0.12999105
73,0.14032703,0.13290912,0.13747813,0.13776607,0.12991436
74,0.14019515,0.13286654,0.13742463,0.13767477,0.12972045
75,0.14006882,0.13282580,0.13737719,0.13760532,0.12940066
76,0.13994776,0.13279307,0.13733275,0.13755203,0.12923843
77,0.13983171,0.13276543,0.13729205,0.13751704,0.12915786
78,0.13972043,0.13273796,0.13725338,0.13749171,0.12901236
79,0.13961369,0.13270211,0.13721706,0.13747617,0.12895537
80,0.13951127,0.13265817,0.13718213,0.13746176,0.12902987
81,0.13941297,0.13261900,0.13714873,0.13744799,0.12904129
82,0.13931860,0.13258954,0.13711631,0.13743021,0.12896294
83,0.13922797,0.13256338,0.13708492,0.13740889,0.12889942
84,0.13914091,0.13253743,0.13705425,0.13738540,0.12880758
85,0.13905726,0.13251311,0.13702430,0.13735985,0.12864853
86,0.13897686,0.13249202,0.13699489,0.13733809,0.12852948
87,0.13889956,0.13247624,0.13696602,0.13731652,0.12849089
88,0.13882522,0.13246405,0.13693757,0.13730397,0.12844644
89,0.13875372,0.13244988,0.13690955,0.13729008,0.12837856
90,0.13868492,0.13243283,0.13688187,0.13728817,0.12832554
91,0.13861870,0.13241649,0.13685453,0.13727803,0.12825232
92,0.13855496,0.13240211,0.13682748,0.13728225,0.12813164
93,0.13849359,0.13238875,0.13680073,0.13726667,0.12801532
94,0.13843447,0.13237569,0.13677423,0.13727010,0.12793055
95,0.13837752,0.13236229,0.13674798,0.13724040,0.12785482
96,0.13832265,0.13234940,0.13672196,0.13723759,0.12779875
97,0.13826976,0.13233887,0.13669617,0.13719235,0.12777955
98,0.13821876,0.13233017,0.13667058,0.13718279,0.12776372
99,0.13816959,0.13232133,0.13664520,0.13713298,0.12772316
100,0.13812216,0.13231204,0.13662002,0.13712386,0.12767113
101,0.13807640,0.13230293,0.13659502,0.13708846,0.12761097
102,0.13803225,0.13229430,0.13657021,0.13708491,0.12753298
103,0.13798963,0.13228633,0.13654557,0.13706945,0.12745371
104,0.13794848,0.13227858,0.13652111,0.13705030,0.12739099
105,0.13790874,0.13227046,0.13649681,0.13702876,0.12733584
106,0.13787036,0.13226247,0.13647268,0.13695753,0.12728241
107,0.13783328,0.13225534,0.13644871,0.13690838,0.12723630
108,0.13779745,0.13224891,0.13642489,0.13681021,0.12718989
109,0.13776281,0.13224273,0.13640123,0.13677825,0.12713284
110,0.13772933,0.13223663,0.13637771,0.13680359,0.12707147
111,0.13769695,0.13223056,0.13635434,0.13696138,0.12701176
112,0.13766562,0.13222469,0.13633112,0.13723338,0.12694937
113,0.13763532,0.13221917,0.13630804,0.13708284,0.12688458
114,0.13760600,0.13221369,0.13628510,0.13679035,0.12682090
115,0.13757762,0.13220803,0.13626229,0.13634976,0.12675457
116,0.13755014,0.13220236,0.13623962,0.13608064,0.12668310
117,0.13752353,0.13219689,0.13621708,0.13587286,0.12661043
118,0.13749776,0.13219165,0.13619467,0.13577279,0.12653699
119,0.13747278,0.13218659,0.13617239,0.13574508,0.12646097
120,0.13744859,0.13218161,0.13615024,0.13596998,0.12638482
