epoch,adamw_cosine_lr0.1_min0.0,adamw_cosine_lr0.05_min0.0,adamw_cosine_lr0.2_min0.0,adamw_cosine_lr0.4_min0.0,adamw_cosine_lr0.05_min0.1,adamw_cosine_lr0.1_min0.1,adamw_cosine_lr0.2_min0.1,adamw_cosine_lr0.4_min0.1,adamw_constant_lr0.05,adamw_constant_lr0.1,adamw_constant_lr0.2,adamw_constant_lr0.4,schedule_free_adamw_lr0.05,schedule_free_adamw_lr0.1,schedule_free_adamw_lr0.2,schedule_free_adamw_lr0.4,sgd_cosine_lr0.1_min0.0,sgd_cosine_lr0.3_min0.0,sgd_cosine_lr0.6_min0.0,schedule_free_sgd_lr0.1,schedule_free_sgd_lr0.3,schedule_free_sgd_lr0.6
1,0.66137850,0.67671087,0.63399030,0.59181933,0.67671087,0.66137850,0.63399030,0.59181933,0.67671087,0.66137850,0.63399030,0.59181933,0.67671087,0.66137850,0.63399030,0.59181933,0.68767404,0.67687689,0.66105357,0.68767404,0.67687689,0.66105357
2,0.63372833,0.66140729,0.58423580,0.50080553,0.66140720,0.63372817,0.58423551,0.50080505,0.66140637,0.63372672,0.58423290,0.50080067,0.66911238,0.64750518,0.60843440,0.54227302,0.68229963,0.66147407,0.63231198,0.68498058,0.66912263,0.64648681
3,0.60815000,0.64714530,0.53836751,0.43555125,0.64714487,0.60814923,0.53836618,0.43554959,0.64714100,0.60814233,0.53835427,0.43553464,0.66175696,0.63417398,0.58524920,0.50747934,0.67702252,0.64688564,0.60650332,0.68230813,0.66154764,0.63257998
4,0.58343990,0.63367447,0.49882865,0.39067833,0.63367333,0.58343783,0.49882548,0.39067493,0.63366301,0.58341917,0.49879693,0.39064431,0.65462325,0.62133956,0.56369865,0.47705264,0.67184127,0.63306129,0.58326034,0.67965650,0.65414749,0.61930002
5,0.55995089,0.62066236,0.46573697,0.35358189,0.62065998,0.55994668,0.46573121,0.35357567,0.62063853,0.55990880,0.46567938,0.35351973,0.64768497,0.60897428,0.54369319,0.45023393,0.66675444,0.61995354,0.56226372,0.67702554,0.64691784,0.60661513
6,0.53814509,0.60790991,0.43717930,0.32116869,0.60790563,0.53813792,0.43717006,0.32115888,0.60786712,0.53807337,0.43708690,0.32107064,0.64091689,0.59706400,0.52515198,0.42684010,0.66176056,0.60751773,0.54323708,0.67441507,0.63985439,0.59449477
7,0.51818818,0.59540497,0.41173214,0.29443858,0.59539804,0.51817726,0.41171853,0.29442518,0.59533564,0.51807895,0.41159604,0.29430466,0.63429806,0.58559808,0.50795086,0.40627202,0.65685819,0.59571196,0.52594162,0.67182493,0.63295294,0.58290973
8,0.49992047,0.58322386,0.38915012,0.27347620,0.58321347,0.49990496,0.38913155,0.27345957,0.58311995,0.49976548,0.38896447,0.27331005,0.62781304,0.57456419,0.49197011,0.38799820,0.65204587,0.58449697,0.51017120,0.66925495,0.62620934,0.57183212
9,0.48300124,0.57145289,0.36939803,0.25689197,0.57143823,0.48298021,0.36937415,0.25687208,0.57130628,0.48279106,0.36915942,0.25669327,0.62145181,0.56394759,0.47710261,0.37166196,0.64732215,0.57383604,0.49574777,0.66670496,0.61961953,0.56123540
10,0.46715651,0.56015504,0.35211509,0.24305110,0.56013531,0.46712899,0.35208547,0.24302753,0.55995774,0.46688143,0.35181916,0.24281569,0.61520863,0.55373229,0.46324895,0.35700163,0.64268556,0.56369489,0.48251732,0.66417480,0.61317954,0.55109435
11,0.45229162,0.54935804,0.33668357,0.23113119,0.54933244,0.45225677,0.33664745,0.23110386,0.54910215,0.45194330,0.33632281,0.23085830,0.60908059,0.54390204,0.45031670,0.34379799,0.63813468,0.55404152,0.47034645,0.66166431,0.60688545,0.54138504
12,0.43842202,0.53905232,0.32259091,0.22104671,0.53902005,0.43837920,0.32254750,0.22101626,0.53872976,0.43799421,0.32215730,0.22074292,0.60306635,0.53444079,0.43822173,0.33186251,0.63366806,0.54484609,0.45911940,0.65917331,0.60073346,0.53208480
13,0.42556714,0.52919797,0.30964161,0.21286717,0.52915816,0.42551588,0.30959046,0.21283467,0.52880008,0.42505516,0.30913097,0.21254318,0.59716510,0.52533278,0.42688858,0.32103591,0.62928428,0.53608078,0.44873546,0.65670165,0.59471984,0.52317217
14,0.41368752,0.51974084,0.29786228,0.20642285,0.51969254,0.41362735,0.29780351,0.20638904,0.51925828,0.41308675,0.29727580,0.20608598,0.59137599,0.51656256,0.41624988,0.31118430,0.62498190,0.52771969,0.43910681,0.65424917,0.58884092,0.51462690
15,0.40267497,0.51063215,0.28730340,0.20125230,0.51057440,0.40260528,0.28723743,0.20121695,0.51005523,0.40197931,0.28664538,0.20090022,0.58569779,0.50811498,0.40624564,0.30219391,0.62075953,0.51973865,0.43015674,0.65181570,0.58309316,0.50642982
16,0.39238689,0.50184187,0.27791463,0.19679117,0.50177371,0.39230688,0.27784179,0.19675313,0.50116112,0.39158844,0.27718852,0.19641226,0.58012893,0.49997530,0.39682244,0.29396653,0.61661576,0.51211516,0.42181798,0.64940108,0.57747307,0.49856286
17,0.38269794,0.49336054,0.26954137,0.19261505,0.49328111,0.38260677,0.26946171,0.19257293,0.49256734,0.38178835,0.26874765,0.19219543,0.57466746,0.49212925,0.38793283,0.28641656,0.61254922,0.50482828,0.41403149,0.64700515,0.57197725,0.49100896
18,0.37353283,0.48519251,0.26200594,0.18856379,0.48510104,0.37342980,0.26191936,0.18851682,0.48427936,0.37250519,0.26114382,0.18809593,0.56931122,0.48456308,0.37953458,0.27946914,0.60855853,0.49785844,0.40674522,0.64462776,0.56660241,0.48375203
19,0.36486443,0.47734628,0.25518658,0.18470085,0.47724211,0.36474907,0.25509322,0.18464930,0.47630672,0.36371434,0.25425759,0.18418778,0.56405796,0.47726360,0.37159006,0.27305873,0.60464235,0.49118745,0.39991324,0.64226875,0.56134530,0.47677692
20,0.35668991,0.46982622,0.24903125,0.18118039,0.46970876,0.35656198,0.24893163,0.18112537,0.46865443,0.35541521,0.24804074,0.18063352,0.55890542,0.47021820,0.36406563,0.26712799,0.60079932,0.48479833,0.39349487,0.63992796,0.55620279,0.47006932
21,0.34900475,0.46262765,0.24351624,0.17811940,0.46249630,0.34886412,0.24341104,0.17806221,0.46131786,0.34760421,0.24247137,0.17755195,0.55385135,0.46341483,0.35693113,0.26162680,0.59702813,0.47867523,0.38745401,0.63760523,0.55117183,0.46361576
22,0.34178722,0.45573571,0.23859787,0.17553320,0.45558984,0.34163367,0.23848760,0.17547470,0.45428165,0.34025890,0.23750359,0.17495341,0.54889360,0.45684205,0.35015940,0.25651134,0.59332748,0.47280338,0.38175852,0.63530041,0.54624943,0.45740353
23,0.33499745,0.44912782,0.23419308,0.17334439,0.44896671,0.33483064,0.23407774,0.17328464,0.44752239,0.33333788,0.23304914,0.17275268,0.54403007,0.45048898,0.34372585,0.25174325,0.58969607,0.46716899,0.37637975,0.63301334,0.54143268,0.45142065
24,0.32858828,0.44277845,0.23019518,0.17143812,0.44260130,0.32840773,0.23007425,0.17137664,0.44101389,0.32679306,0.22899644,0.17082958,0.53925872,0.44434529,0.33760815,0.24728893,0.58613264,0.46175916,0.37129204,0.63074388,0.53671878,0.44565584
25,0.32251956,0.43666423,0.22650687,0.16972061,0.43647023,0.32232488,0.22637969,0.16965692,0.43473267,0.32058502,0.22524675,0.16909058,0.53457754,0.43840122,0.33178593,0.24311890,0.58263594,0.45656187,0.36647242,0.62849186,0.53210498,0.44009845
26,0.31676699,0.43076751,0.22306483,0.16814811,0.43055591,0.31655801,0.22293095,0.16808217,0.42866162,0.31469191,0.22173908,0.16749663,0.52998458,0.43264755,0.32624050,0.23920726,0.57920472,0.45156586,0.36190024,0.62625714,0.52758861,0.43473844
27,0.31132144,0.42507728,0.21984187,0.16671915,0.42484741,0.31109829,0.21970120,0.16665145,0.42279078,0.30910755,0.21845005,0.16605138,0.52547788,0.42707554,0.32095468,0.23553116,0.57583779,0.44676060,0.35755689,0.62403957,0.52316708,0.42956634
28,0.30618114,0.41958777,0.21683093,0.16544568,0.41933909,0.30594414,0.21668366,0.16537686,0.41711558,0.30383234,0.21537502,0.16476817,0.52105553,0.42167697,0.31591259,0.23207040,0.57253394,0.44213625,0.35342557,0.62183900,0.51883787,0.42457321
29,0.30134235,0.41429581,0.21402570,0.16432502,0.41402787,0.30109191,0.21387195,0.16425539,0.41163381,0.29886295,0.21250714,0.16364039,0.51671560,0.41644409,0.31109953,0.22880707,0.56929200,0.43768357,0.34949110,0.61965528,0.51459853,0.41975063
30,0.29679341,0.40919811,0.21140984,0.16332851,0.40891051,0.29652981,0.21124952,0.16325771,0.40634263,0.29418643,0.20982756,0.16263225,0.51245622,0.41136957,0.30650184,0.22572521,0.56611082,0.43339393,0.34573969,0.61748826,0.51044667,0.41509061
31,0.29251415,0.40428931,0.20895882,0.16241023,0.40398162,0.29223748,0.20879164,0.16233726,0.40123649,0.28978061,0.20730976,0.16169197,0.50827552,0.40644653,0.30210681,0.22281056,0.56298925,0.42925923,0.34215884,0.61533779,0.50638000,0.41058566
32,0.28847990,0.39956126,0.20664948,0.16152725,0.39923302,0.28819010,0.20647514,0.16145102,0.39630663,0.28561937,0.20493118,0.16077619,0.50417164,0.40166847,0.29790260,0.22005034,0.55992618,0.42527187,0.33873716,0.61320374,0.50239627,0.40622865
33,0.28466707,0.39500357,0.20446853,0.16065807,0.39465422,0.28436404,0.20428705,0.16057799,0.39154188,0.28167906,0.20268190,0.15986940,0.50014280,0.39702927,0.29387815,0.21743302,0.55692052,0.42142471,0.33546424,0.61108596,0.49849329,0.40201288
34,0.28105716,0.39060492,0.20241415,0.15980851,0.39023384,0.28074091,0.20222595,0.15972488,0.38693043,0.27794240,0.20056418,0.15898682,0.49618720,0.39252317,0.29002310,0.21494820,0.55397118,0.41771106,0.33233060,0.60898430,0.49466894,0.39793199
35,0.27763749,0.38635463,0.20049047,0.15900339,0.38596122,0.27730820,0.20029620,0.15891731,0.38246166,0.27439834,0.19858439,0.15816111,0.49230310,0.38814474,0.28632780,0.21258646,0.55107710,0.41412461,0.32932754,0.60689862,0.49092118,0.39397998
36,0.27439913,0.38224393,0.19869952,0.15827029,0.38182763,0.27405707,0.19849985,0.15818320,0.37812749,0.27103885,0.19674374,0.15742196,0.48848881,0.38388884,0.28278320,0.21033923,0.54823726,0.41065946,0.32644709,0.60482878,0.48724801,0.39015117
37,0.27133367,0.37826642,0.19703608,0.15762474,0.37782675,0.27097908,0.19683135,0.15753773,0.37392257,0.26785507,0.19503377,0.15678037,0.48474266,0.37975064,0.27938084,0.20819871,0.54545063,0.40731002,0.32368192,0.60277464,0.48364748,0.38644017
38,0.26843074,0.37441777,0.19548761,0.15706371,0.37395438,0.26806374,0.19527784,0.15697711,0.36984377,0.26483491,0.19343850,0.15622481,0.48106300,0.37572557,0.27611279,0.20615777,0.54271621,0.40407106,0.32102530,0.60073607,0.48011773,0.38284190
39,0.26567740,0.37069494,0.19403848,0.15656898,0.37020756,0.26529791,0.19382348,0.15648230,0.36588897,0.26196331,0.19194068,0.15572914,0.47744826,0.37180932,0.27297165,0.20420990,0.54003301,0.40093764,0.31847101,0.59871292,0.47665691,0.37935153
40,0.26305934,0.36709519,0.19267491,0.15611663,0.36658361,0.26266708,0.19245452,0.15602895,0.36205586,0.25922440,0.19052724,0.15526596,0.47389687,0.36799779,0.26995047,0.20234911,0.53740008,0.39790509,0.31601331,0.59670505,0.47326326,0.37596448
41,0.26056288,0.36361531,0.19138771,0.15568703,0.36307932,0.26015753,0.19116193,0.15559748,0.35834115,0.25660419,0.18919085,0.15481754,0.47040732,0.36428714,0.26704276,0.20056993,0.53481648,0.39496903,0.31364690,0.59471234,0.46993505,0.37267641
42,0.25817676,0.36025125,0.19017162,0.15527038,0.35969059,0.25775805,0.18994059,0.15517854,0.35474035,0.25409233,0.18792741,0.15437940,0.46697811,0.36067368,0.26424245,0.19886731,0.53228127,0.39212531,0.31136687,0.59273464,0.46667063,0.36948322
43,0.25589278,0.35699816,0.18902277,0.15486642,0.35641253,0.25546056,0.18878662,0.15477240,0.35124811,0.25168205,0.18673231,0.15395649,0.46360782,0.35715395,0.26154386,0.19723661,0.52979356,0.38937002,0.30916866,0.59077183,0.46346835,0.36638100
44,0.25370525,0.35385075,0.18793610,0.15447995,0.35323981,0.25325950,0.18769478,0.15438416,0.34785888,0.24936876,0.18559824,0.15355579,0.46029502,0.35372464,0.25894168,0.19567353,0.52735245,0.38669945,0.30704805,0.58882376,0.46032665,0.36336605
45,0.25160973,0.35080385,0.18690464,0.15411543,0.35016727,0.25115048,0.18665786,0.15401826,0.34456762,0.24714823,0.18451591,0.15318025,0.45703835,0.35038262,0.25643092,0.19417414,0.52495707,0.38411011,0.30500110,0.58689031,0.45724400,0.36043484
46,0.24960183,0.34785281,0.18592057,0.15377364,0.34719027,0.24912906,0.18566792,0.15367518,0.34137023,0.24501538,0.18347679,0.15282718,0.45383646,0.34712490,0.25400694,0.19273478,0.52260657,0.38159869,0.30302416,0.58497136,0.45421892,0.35758402
47,0.24767652,0.34499376,0.18497723,0.15345158,0.34430501,0.24719012,0.18471833,0.15335162,0.33826362,0.24296410,0.18247555,0.15249092,0.45068805,0.34394863,0.25166538,0.19135207,0.52030011,0.37916206,0.30111380,0.58306675,0.45124996,0.35481043
48,0.24582823,0.34222354,0.18407053,0.15314475,0.34150841,0.24532801,0.18380521,0.15304297,0.33524544,0.24098807,0.18151070,0.15216715,0.44759186,0.34085109,0.24940216,0.19002287,0.51803689,0.37679724,0.29926685,0.58117638,0.44833573,0.35211103
49,0.24405142,0.33953952,0.18319901,0.15284997,0.33879789,0.24353713,0.18292736,0.15274622,0.33231361,0.23908177,0.18058309,0.15185572,0.44454664,0.33782970,0.24721348,0.18874429,0.51581608,0.37450144,0.29748032,0.57930012,0.44547487,0.34948295
50,0.24234123,0.33693927,0.18236273,0.15256701,0.33617107,0.24181267,0.18208497,0.15246150,0.32946590,0.23724118,0.17969359,0.15156030,0.44155122,0.33488198,0.24509576,0.18751362,0.51363692,0.37227197,0.29575143,0.57743782,0.44266605,0.34692346
51,0.24069386,0.33442032,0.18156175,0.15229810,0.33362545,0.24015094,0.18127809,0.15219135,0.32669963,0.23546374,0.17884145,0.15128532,0.43860440,0.33200554,0.24304565,0.18632835,0.51149863,0.37010632,0.29407758,0.57558938,0.43990800,0.34442994
52,0.23910659,0.33197995,0.18079514,0.15204610,0.33115829,0.23854932,0.18050569,0.15193870,0.32401170,0.23374773,0.17802432,0.15103250,0.43570507,0.32919811,0.24106000,0.18518615,0.50940045,0.36800207,0.29245630,0.57375467,0.43719947,0.34199992
53,0.23757732,0.32961521,0.18006092,0.15181236,0.32876661,0.23700578,0.17976565,0.15170468,0.32139870,0.23209145,0.17723929,0.15079922,0.43285211,0.32645751,0.23913588,0.18408484,0.50734166,0.36595695,0.29088532,0.57193356,0.43453926,0.33963102
54,0.23610412,0.32732300,0.17935667,0.15159560,0.32644726,0.23551839,0.17905551,0.15148758,0.31885723,0.23049263,0.17648414,0.15057944,0.43004447,0.32378166,0.23727051,0.18302239,0.50532152,0.36396879,0.28936246,0.57012593,0.43192619,0.33732100
55,0.23468482,0.32510021,0.17868026,0.15139221,0.32419710,0.23408494,0.17837320,0.15128341,0.31638417,0.22894837,0.17575779,0.15036660,0.42728109,0.32116853,0.23546130,0.18199690,0.50333935,0.36203553,0.28788571,0.56833166,0.42935912,0.33506769
56,0.23331692,0.32294390,0.17803029,0.15119775,0.32201321,0.23270285,0.17771740,0.15108753,0.31397679,0.22745543,0.17505976,0.15015648,0.42456098,0.31861619,0.23370579,0.18100659,0.50139443,0.36015520,0.28645315,0.56655063,0.42683695,0.33286906
57,0.23199767,0.32085140,0.17740592,0.15100858,0.31989293,0.23136932,0.17708736,0.15089639,0.31163278,0.22601078,0.17438924,0.14994852,0.42188314,0.31612278,0.23200169,0.18004979,0.49948610,0.35832594,0.28506297,0.56478272,0.42435860,0.33072314
58,0.23072438,0.31882033,0.17680640,0.15082296,0.31783389,0.23008163,0.17648231,0.15070857,0.30935008,0.22461188,0.17374444,0.14974507,0.41924662,0.31368650,0.23034683,0.17912496,0.49761370,0.35654597,0.28371348,0.56302781,0.42192302,0.32862806
59,0.22949459,0.31684852,0.17623066,0.15064116,0.31583399,0.22883735,0.17590106,0.15052472,0.30712675,0.22325678,0.17312276,0.14954936,0.41665051,0.31130563,0.22873916,0.17823061,0.49577657,0.35481360,0.28240308,0.56128579,0.41952921,0.32658203
60,0.22830622,0.31493401,0.17567709,0.15046469,0.31389124,0.22763443,0.17534188,0.15034655,0.30496078,0.22194384,0.17252146,0.14936345,0.41409390,0.30897851,0.22717674,0.17736538,0.49397409,0.35312720,0.28113025,0.55955654,0.41717617,0.32458335
61,0.22715751,0.31307489,0.17514378,0.15029520,0.31200373,0.22647118,0.17480274,0.15017576,0.30285005,0.22067141,0.17193841,0.14918740,0.41157592,0.30670351,0.22565776,0.17652796,0.49220563,0.35148524,0.27989356,0.55783995,0.41486295,0.32263039
62,0.22604691,0.31126924,0.17462887,0.15013358,0.31016954,0.22534602,0.17428178,0.15001310,0.30079232,0.21943765,0.17137237,0.14901969,0.40909573,0.30447910,0.22418049,0.17571714,0.49047058,0.34988625,0.27869164,0.55613590,0.41258862,0.32072158
63,0.22497288,0.30951515,0.17413085,0.14997974,0.30838672,0.22425739,0.17377754,0.14985826,0.29878532,0.21824044,0.17082277,0.14885847,0.40665250,0.30230377,0.22274329,0.17493176,0.48876836,0.34832882,0.27752322,0.55444428,0.41035226,0.31885544
64,0.22393382,0.30781068,0.17364872,0.14983282,0.30665328,0.22320366,0.17328910,0.14971019,0.29682692,0.21707759,0.17028919,0.14870260,0.40424544,0.30017607,0.22134461,0.17417075,0.48709837,0.34681161,0.27638708,0.55276497,0.40815301,0.31703054
65,0.22292806,0.30615391,0.17318180,0.14969173,0.30496730,0.22218308,0.17281585,0.14956778,0.29491512,0.21594707,0.16977095,0.14855194,0.40187377,0.29809461,0.21998299,0.17343307,0.48546005,0.34533334,0.27528206,0.55109787,0.40599000,0.31524550
66,0.22195390,0.30454303,0.17272960,0.14955563,0.30332693,0.22119393,0.17235729,0.14943026,0.29304818,0.21484716,0.16926716,0.14840682,0.39953674,0.29605803,0.21865702,0.17271776,0.48385285,0.34389278,0.27420705,0.54944287,0.40386240,0.31349903
67,0.22100974,0.30297629,0.17229157,0.14942415,0.30173044,0.22023458,0.17191283,0.14929738,0.29122452,0.21377645,0.16877688,0.14826733,0.39723363,0.29406503,0.21736539,0.17202390,0.48227621,0.34248875,0.27316103,0.54779985,0.40176941,0.31178986
68,0.22009412,0.30145211,0.17186703,0.14929726,0.30017625,0.21930359,0.17148177,0.14916918,0.28944269,0.21273379,0.16829951,0.14813289,0.39496372,0.29211434,0.21610682,0.17135062,0.48072961,0.34112015,0.27214300,0.54616872,0.39971024,0.31011679
69,0.21920575,0.29996901,0.17145528,0.14917503,0.29866290,0.21839971,0.17106338,0.14904572,0.28770129,0.21171807,0.16783480,0.14800239,0.39272633,0.29020475,0.21488012,0.17069710,0.47921251,0.33978588,0.27115201,0.54454935,0.39768412,0.30847868
70,0.21834354,0.29852562,0.17105567,0.14905734,0.29718901,0.21752185,0.17065703,0.14892679,0.28599895,0.21072816,0.16738268,0.14787481,0.39052079,0.28833505,0.21368415,0.17006257,0.47772442,0.33848493,0.27018716,0.54294166,0.39569032,0.30687441
71,0.21750647,0.29712066,0.17066771,0.14894382,0.29575332,0.21666900,0.17026229,0.14881192,0.28433426,0.20976289,0.16694303,0.14774974,0.38834646,0.28650412,0.21251781,0.16944627,0.47626483,0.33721631,0.26924760,0.54134552,0.39372810,0.30530293
72,0.21669359,0.29575289,0.17029104,0.14883394,0.29435456,0.21584021,0.16987884,0.14870048,0.28270584,0.20882108,0.16651545,0.14762756,0.38620269,0.28471084,0.21138006,0.16884752,0.47483326,0.33597906,0.26833252,0.53976084,0.39179676,0.30376322
73,0.21590398,0.29442112,0.16992542,0.14872716,0.29299154,0.21503452,0.16950647,0.14859197,0.28111233,0.20790165,0.16609927,0.14750903,0.38408888,0.28295415,0.21026991,0.16826565,0.47342921,0.33477228,0.26744112,0.53818752,0.38989562,0.30225430
74,0.21513672,0.29312417,0.16957059,0.14862315,0.29166305,0.21425098,0.16914490,0.14848616,0.27955249,0.20700371,0.16569381,0.14739484,0.38200444,0.28123300,0.20918641,0.16770002,0.47205223,0.33359510,0.26657268,0.53662545,0.38802402,0.30077524
75,0.21439089,0.29186089,0.16922622,0.14852185,0.29036793,0.21348869,0.16879377,0.14838308,0.27802515,0.20612649,0.16529843,0.14728512,0.37994879,0.27954640,0.20812865,0.16715002,0.47070185,0.33244669,0.26572648,0.53507453,0.38618130,0.29932513
76,0.21366566,0.29063019,0.16889193,0.14842339,0.28910508,0.21274679,0.16845264,0.14828300,0.27652926,0.20526934,0.16491272,0.14717942,0.37792136,0.27789337,0.20709577,0.16661509,0.46937763,0.33132624,0.26490184,0.53353467,0.38436684,0.29790311
77,0.21296023,0.28943101,0.16856725,0.14832799,0.28787343,0.21202451,0.16812102,0.14818614,0.27506386,0.20443165,0.16453634,0.14707699,0.37592161,0.27627297,0.20608693,0.16609468,0.46807913,0.33023297,0.26409811,0.53200575,0.38258002,0.29650835
78,0.21227390,0.28826235,0.16825176,0.14823582,0.28667199,0.21132114,0.16779849,0.14809262,0.27362801,0.20361276,0.16416896,0.14697717,0.37394901,0.27468430,0.20510135,0.16558827,0.46680590,0.32916616,0.26331467,0.53048769,0.38082024,0.29514004
79,0.21160602,0.28712327,0.16794505,0.14814687,0.28549980,0.21063607,0.16748465,0.14800235,0.27222084,0.20281198,0.16381017,0.14687964,0.37200305,0.27312647,0.20413826,0.16509536,0.46555755,0.32812508,0.26255093,0.52898039,0.37908692,0.29379742
80,0.21095600,0.28601288,0.16764680,0.14806097,0.28435598,0.20996870,0.16717919,0.14791507,0.27084146,0.20202864,0.16345953,0.14678442,0.37008322,0.27159864,0.20319692,0.16461549,0.46433364,0.32710905,0.26180631,0.52748375,0.37737949,0.29247975
81,0.21032329,0.28493034,0.16735672,0.14797786,0.28323971,0.20931847,0.16688184,0.14783047,0.26948900,0.20126209,0.16311660,0.14669168,0.36818903,0.27009997,0.20227665,0.16414818,0.46313378,0.32611741,0.26108028,0.52599767,0.37569741,0.29118632
82,0.20970733,0.28387485,0.16707454,0.14789724,0.28215017,0.20868484,0.16659232,0.14774824,0.26816262,0.20051175,0.16278111,0.14660148,0.36632000,0.26862969,0.20137677,0.16369303,0.46195757,0.32514952,0.26037230,0.52452206,0.37404014,0.28991643
83,0.20910760,0.28284565,0.16680000,0.14781891,0.28108660,0.20806724,0.16631035,0.14766821,0.26686150,0.19977711,0.16245284,0.14651375,0.36447569,0.26718700,0.20049665,0.16324961,0.46080462,0.32420477,0.25968187,0.52305683,0.37240715,0.28866944
84,0.20852357,0.28184201,0.16653283,0.14774272,0.28004825,0.20746515,0.16603563,0.14759028,0.26558489,0.19905768,0.16213170,0.14642830,0.36265562,0.26577118,0.19963565,0.16281753,0.45967455,0.32328257,0.25900852,0.52160188,0.37079793,0.28744469
85,0.20795474,0.28086320,0.16627274,0.14766861,0.27903439,0.20687806,0.16576788,0.14751445,0.26433206,0.19835300,0.16181753,0.14634498,0.36085937,0.26438149,0.19879320,0.16239642,0.45856699,0.32238235,0.25835178,0.52015713,0.36921199,0.28624159
86,0.20740062,0.27990853,0.16601948,0.14759658,0.27804434,0.20630548,0.16550684,0.14744071,0.26310235,0.19766259,0.16151015,0.14626376,0.35908651,0.26301724,0.19796872,0.16198590,0.45748158,0.32150357,0.25771120,0.51872247,0.36764884,0.28505954
87,0.20686076,0.27897735,0.16577280,0.14752660,0.27707740,0.20574696,0.16525228,0.14736904,0.26189513,0.19698595,0.16120933,0.14618470,0.35733662,0.26167776,0.19716167,0.16158565,0.45641796,0.32064569,0.25708635,0.51729783,0.36610802,0.28389796
88,0.20633474,0.27806900,0.16553252,0.14745863,0.27613294,0.20520208,0.16500404,0.14729937,0.26070977,0.19632261,0.16091484,0.14610789,0.35560929,0.26036238,0.19637153,0.16119532,0.45537577,0.31980821,0.25647683,0.51588310,0.36458906,0.28275632
89,0.20582215,0.27718287,0.16529845,0.14739262,0.27521033,0.20467044,0.16476193,0.14723161,0.25954567,0.19567210,0.16062649,0.14603327,0.35390413,0.25907049,0.19559778,0.16081460,0.45435468,0.31899063,0.25588224,0.51447821,0.36309152,0.28163408
90,0.20532261,0.27631837,0.16507043,0.14732847,0.27430897,0.20415165,0.16452581,0.14716567,0.25840224,0.19503403,0.16034413,0.14596068,0.35222075,0.25780146,0.19483996,0.16044318,0.45335435,0.31819247,0.25530220,0.51308307,0.36161496,0.28053072
91,0.20483576,0.27547494,0.16484831,0.14726610,0.27342831,0.20364534,0.16429551,0.14710149,0.25727891,0.19440801,0.16006761,0.14588990,0.35055877,0.25655472,0.19409758,0.16008079,0.45237445,0.31741329,0.25473633,0.51169758,0.36015896,0.27944576
92,0.20436124,0.27465203,0.16463194,0.14720546,0.27256781,0.20315116,0.16407087,0.14703902,0.25617511,0.19379369,0.15979676,0.14582074,0.34891783,0.25532967,0.19337021,0.15972712,0.45141466,0.31665262,0.25418430,0.51032166,0.35872310,0.27837873
93,0.20389870,0.27384912,0.16442115,0.14714650,0.27172692,0.20266873,0.16385172,0.14697824,0.25509031,0.19319072,0.15953138,0.14575312,0.34729757,0.25412578,0.19265741,0.15938192,0.45047465,0.31591005,0.25364574,0.50895524,0.35730697,0.27732915
94,0.20344781,0.27306573,0.16421578,0.14708919,0.27090517,0.20219772,0.16363789,0.14691913,0.25402400,0.19259878,0.15927128,0.14568706,0.34569764,0.25294251,0.19195878,0.15904493,0.44955413,0.31518516,0.25312034,0.50759821,0.35591019,0.27629659
95,0.20300824,0.27230137,0.16401569,0.14703352,0.27010204,0.20173779,0.16342924,0.14686167,0.25297568,0.19201753,0.15901626,0.14562262,0.34411769,0.25177934,0.19127390,0.15871590,0.44865277,0.31447754,0.25260778,0.50625051,0.35453237,0.27528061
96,0.20257969,0.27155556,0.16382072,0.14697945,0.26931709,0.20128865,0.16322562,0.14680578,0.25194490,0.19144665,0.15876618,0.14555985,0.34255739,0.25063576,0.19060240,0.15839460,0.44777029,0.31378681,0.25210775,0.50491204,0.35317314,0.27428080
97,0.20216185,0.27082787,0.16363074,0.14692693,0.26854984,0.20084998,0.16302691,0.14675142,0.25093121,0.19088585,0.15852091,0.14549870,0.34101641,0.24951129,0.18994390,0.15808078,0.44690640,0.31311259,0.25161996,0.50358272,0.35183213,0.27329677
98,0.20175445,0.27011786,0.16344562,0.14687590,0.26779985,0.20042152,0.16283297,0.14669850,0.24993416,0.19033484,0.15828033,0.14543911,0.33949444,0.24840547,0.18929806,0.15777424,0.44606079,0.31245452,0.25114412,0.50226248,0.35050898,0.27232811
99,0.20135723,0.26942510,0.16326525,0.14682630,0.26706670,0.20000298,0.16264367,0.14664696,0.24895334,0.18979337,0.15804433,0.14538097,0.33799116,0.24731784,0.18866452,0.15747476,0.44523320,0.31181224,0.25067995,0.50095124,0.34920335,0.27137446
100,0.20096991,0.26874920,0.16308950,0.14677807,0.26634997,0.19959411,0.16245890,0.14659674,0.24798832,0.18926119,0.15781279,0.14532424,0.33650626,0.24624795,0.18804295,0.15718214,0.44442333,0.31118541,0.25022718,0.49964890,0.34791490,0.27043546
101,0.20059226,0.26808975,0.16291825,0.14673115,0.26564927,0.19919466,0.16227852,0.14654779,0.24703870,0.18873808,0.15758559,0.14526888,0.33503945,0.24519539,0.18743305,0.15689618,0.44363093,0.31057369,0.24978557,0.49835541,0.34664329,0.26951075
102,0.20022404,0.26744637,0.16275139,0.14668550,0.26496420,0.19880438,0.16210241,0.14650010,0.24610409,0.18822378,0.15736262,0.14521487,0.33359044,0.24415975,0.18683449,0.15661669,0.44285572,0.30997678,0.24935485,0.49707067,0.34538821,0.26859999
103,0.19986501,0.26681870,0.16258879,0.14664110,0.26429440,0.19842305,0.16193046,0.14645364,0.24518411,0.18771809,0.15714378,0.14516218,0.33215893,0.24314061,0.18624698,0.15634348,0.44209744,0.30939435,0.24893478,0.49579461,0.34414934,0.26770285
104,0.19951496,0.26620639,0.16243036,0.14659791,0.26363951,0.19805042,0.16176255,0.14640839,0.24427842,0.18722077,0.15692899,0.14511076,0.33074465,0.24213760,0.18567024,0.15607639,0.44135584,0.30882609,0.24852513,0.49452715,0.34292636,0.26681902
105,0.19917367,0.26560910,0.16227598,0.14655592,0.26299918,0.19768629,0.16159859,0.14636433,0.24338666,0.18673161,0.15671816,0.14506055,0.32934732,0.24115034,0.18510399,0.15581525,0.44063065,0.30827173,0.24812568,0.49326823,0.34171899,0.26594818
106,0.19884094,0.26502648,0.16212556,0.14651510,0.26237307,0.19733044,0.16143847,0.14632142,0.24250850,0.18625041,0.15651119,0.14501151,0.32796667,0.24017846,0.18454795,0.15555988,0.43992163,0.30773096,0.24773620,0.49201775,0.34052693,0.26509005
107,0.19851655,0.26445824,0.16197900,0.14647542,0.26176086,0.19698267,0.16128209,0.14627963,0.24164361,0.18577699,0.15630798,0.14496361,0.32660245,0.23922163,0.18400188,0.15531013,0.43922853,0.30720351,0.24735647,0.49077566,0.33934989,0.26424431
108,0.19820032,0.26390404,0.16183621,0.14643686,0.26116223,0.19664279,0.16112938,0.14623893,0.24079168,0.18531115,0.15610844,0.14491684,0.32525439,0.23827949,0.18346553,0.15506585,0.43855112,0.30668912,0.24698630,0.48954187,0.33818759,0.26341071
109,0.19789207,0.26336359,0.16169710,0.14639938,0.26057687,0.19631061,0.16098024,0.14619928,0.23995242,0.18485271,0.15591247,0.14487122,0.32392223,0.23735172,0.18293864,0.15482690,0.43788915,0.30618751,0.24662548,0.48831631,0.33703976,0.26258895
110,0.19759162,0.26283661,0.16156160,0.14636295,0.26000449,0.19598595,0.16083458,0.14616065,0.23912551,0.18440151,0.15571999,0.14482672,0.32260574,0.23643799,0.18242099,0.15459312,0.43724239,0.30569844,0.24627381,0.48709892,0.33590614,0.26177879
111,0.19729879,0.26232280,0.16142961,0.14632755,0.25944479,0.19566863,0.16069232,0.14612301,0.23831067,0.18395735,0.15553092,0.14478330,0.32130466,0.23553800,0.18191236,0.15436439,0.43661062,0.30522165,0.24593110,0.48588961,0.33478645,0.26097996
112,0.19701342,0.26182189,0.16130106,0.14629313,0.25889749,0.19535849,0.16055337,0.14608634,0.23750764,0.18352008,0.15534517,0.14474091,0.32001877,0.23465144,0.18141252,0.15414056,0.43599360,0.30475689,0.24559717,0.48468833,0.33368046,0.26019221
113,0.19673535,0.26133362,0.16117587,0.14625969,0.25836232,0.19505535,0.16041766,0.14605062,0.23671613,0.18308954,0.15516269,0.14469952,0.31874781,0.23377802,0.18092126,0.15392152,0.43539112,0.30430395,0.24527184,0.48349499,0.33258791,0.25941530
114,0.19646442,0.26085772,0.16105397,0.14622719,0.25783902,0.19475907,0.16028511,0.14601581,0.23593589,0.18266557,0.15498337,0.14465910,0.31749158,0.23291746,0.18043838,0.15370714,0.43480296,0.30386257,0.24495493,0.48230953,0.33150855,0.25864901
115,0.19620048,0.26039395,0.16093528,0.14619561,0.25732732,0.19446947,0.16015565,0.14598190,0.23516668,0.18224801,0.15480716,0.14461962,0.31624983,0.23206949,0.17996368,0.15349729,0.43422889,0.30343255,0.24464628,0.48113189,0.33044216,0.25789309
116,0.19594338,0.25994205,0.16081973,0.14616493,0.25682697,0.19418642,0.16002921,0.14594886,0.23440824,0.18183674,0.15463398,0.14458107,0.31502235,0.23123383,0.17949697,0.15329187,0.43366871,0.30301366,0.24434572,0.47996198,0.32938849,0.25714734
117,0.19569298,0.25950179,0.16070725,0.14613513,0.25633774,0.19390976,0.15990572,0.14591666,0.23366035,0.18143161,0.15446377,0.14454343,0.31380892,0.23041023,0.17903806,0.15309075,0.43312221,0.30260569,0.24405308,0.47879976,0.32834732,0.25641154
118,0.19544913,0.25907295,0.16059779,0.14610618,0.25585939,0.19363935,0.15978511,0.14588529,0.23292277,0.18103248,0.15429647,0.14450669,0.31260933,0.22959843,0.17858678,0.15289383,0.43258918,0.30220842,0.24376821,0.47764514,0.32731844,0.25568547
119,0.19521172,0.25865529,0.16049127,0.14607807,0.25539168,0.19337506,0.15966731,0.14585472,0.23219529,0.18063922,0.15413201,0.14447080,0.31142337,0.22879819,0.17814295,0.15270101,0.43206941,0.30182166,0.24349097,0.47649807,0.32630162,0.25496893
120,0.19498059,0.25824860,0.16038763,0.14605077,0.25493439,0.19311675,0.15955227,0.14582492,0.23147769,0.18025171,0.15397035,0.14443576,0.31025083,0.22800928,0.17770639,0.15251219,0.43156272,0.30144521,0.24322119,0.47535847,0.32529665,0.25426174
121,0.19475564,0.25785266,0.16028681,0.14602425,0.25448730,0.19286429,0.15943991,0.14579589,0.23076976,0.17986981,0.15381141,0.14440155,0.30909152,0.22723145,0.17727695,0.15232725,0.43106889,0.30107887,0.24295873,0.47422629,0.32430333,0.25356370
122,0.19453672,0.25746727,0.16018876,0.14599852,0.25405020,0.19261755,0.15933018,0.14576760,0.23007129,0.17949342,0.15365515,0.14436814,0.30794522,0.22646449,0.17685446,0.15214612,0.43058774,0.30072246,0.24270345,0.47310146,0.32332146,0.25287461
123,0.19432373,0.25709222,0.16009341,0.14597353,0.25362288,0.19237642,0.15922301,0.14574003,0.22938210,0.17912241,0.15350149,0.14433553,0.30681176,0.22570818,0.17643878,0.15196869,0.43011906,0.30037578,0.24245521,0.47198392,0.32235083,0.25219431
124,0.19411655,0.25672732,0.16000072,0.14594928,0.25320513,0.19214076,0.15911836,0.14571317,0.22870199,0.17875668,0.15335040,0.14430369,0.30569093,0.22496230,0.17602974,0.15179488,0.42966267,0.30003866,0.24221388,0.47087360,0.32139125,0.25152262
125,0.19391505,0.25637237,0.15991061,0.14592576,0.25279676,0.19191047,0.15901616,0.14568700,0.22803077,0.17839612,0.15320181,0.14427260,0.30458254,0.22422664,0.17562721,0.15162460,0.42921839,0.29971091,0.24197932,0.46977044,0.32044254,0.25085936
126,0.19371914,0.25602720,0.15982305,0.14590293,0.25239758,0.19168542,0.15891635,0.14566150,0.22736827,0.17804061,0.15305568,0.14424223,0.30348642,0.22350102,0.17523104,0.15145776,0.42878602,0.29939237,0.24175140,0.46867438,0.31950451,0.25020436
127,0.19352871,0.25569160,0.15973797,0.14588080,0.25200740,0.19146551,0.15881889,0.14563666,0.22671430,0.17769007,0.15291195,0.14421257,0.30240238,0.22278522,0.17484110,0.15129429,0.42836538,0.29908286,0.24152999,0.46758536,0.31857697,0.24955748
128,0.19334363,0.25536541,0.15965534,0.14585933,0.25162602,0.19125063,0.15872373,0.14561245,0.22606871,0.17734439,0.15277057,0.14418360,0.30133025,0.22207906,0.17445725,0.15113410,0.42795628,0.29878222,0.24131498,0.46650332,0.31765976,0.24891854
129,0.19316383,0.25504844,0.15957509,0.14583852,0.25125328,0.19104067,0.15863081,0.14558887,0.22543132,0.17700347,0.15263150,0.14415532,0.30026984,0.22138236,0.17407937,0.15097711,0.42755856,0.29849027,0.24110624,0.46542820,0.31675269,0.24828740
130,0.19298918,0.25474054,0.15949718,0.14581835,0.25088899,0.19083552,0.15854007,0.14556588,0.22480198,0.17666721,0.15249468,0.14412769,0.29922098,0.22069493,0.17370731,0.15082325,0.42717202,0.29820687,0.24090364,0.46435994,0.31585560,0.24766391
131,0.19281960,0.25444152,0.15942157,0.14579881,0.25053298,0.19063509,0.15845149,0.14554349,0.22418052,0.17633554,0.15236008,0.14410072,0.29818351,0.22001659,0.17334098,0.15067246,0.42679650,0.29793185,0.24070708,0.46329848,0.31496833,0.24704792
132,0.19265499,0.25415123,0.15934821,0.14577988,0.25018509,0.19043927,0.15836500,0.14552167,0.22356679,0.17600835,0.15222765,0.14407439,0.29715725,0.21934717,0.17298024,0.15052465,0.42643181,0.29766505,0.24051644,0.46224376,0.31409070,0.24643928
133,0.19249525,0.25386951,0.15927706,0.14576155,0.24984514,0.19024797,0.15828056,0.14550042,0.22296065,0.17568556,0.15209735,0.14404867,0.29614205,0.21868651,0.17262497,0.15037976,0.42607779,0.29740633,0.24033160,0.46119574,0.31322257,0.24583787
134,0.19234030,0.25359619,0.15920806,0.14574380,0.24951297,0.19006110,0.15819812,0.14547971,0.22236195,0.17536709,0.15196913,0.14402355,0.29513774,0.21803444,0.17227507,0.15023772,0.42573427,0.29715553,0.24015246,0.46015434,0.31236377,0.24524354
135,0.19219004,0.25333112,0.15914118,0.14572662,0.24918843,0.18987855,0.15811765,0.14545953,0.22177055,0.17505286,0.15184296,0.14399903,0.29414416,0.21739081,0.17193043,0.15009847,0.42540106,0.29691250,0.23997890,0.45911951,0.31151415,0.24465618
136,0.19204438,0.25307416,0.15907638,0.14571000,0.24887136,0.18970024,0.15803909,0.14543987,0.22118631,0.17474278,0.15171879,0.14397508,0.29316116,0.21675545,0.17159093,0.14996194,0.42507802,0.29667711,0.23981082,0.45809121,0.31067358,0.24407563
137,0.19190324,0.25282514,0.15901361,0.14569392,0.24856160,0.18952609,0.15796241,0.14542072,0.22060910,0.17443677,0.15159660,0.14395169,0.29218858,0.21612821,0.17125648,0.14982808,0.42476496,0.29644920,0.23964811,0.45706936,0.30984188,0.24350180
138,0.19176653,0.25258394,0.15895284,0.14567838,0.24825901,0.18935599,0.15788756,0.14540206,0.22003879,0.17413477,0.15147633,0.14392885,0.29122627,0.21550896,0.17092698,0.14969682,0.42446172,0.29622864,0.23949068,0.45605393,0.30901894,0.24293454
139,0.19163416,0.25235039,0.15889402,0.14566335,0.24796344,0.18918987,0.15781451,0.14538388,0.21947526,0.17383669,0.15135796,0.14390654,0.29027408,0.21489753,0.17060231,0.14956810,0.42416813,0.29601528,0.23933841,0.45504485,0.30820460,0.24237375
140,0.19150607,0.25212437,0.15883712,0.14564884,0.24767474,0.18902765,0.15774321,0.14536617,0.21891837,0.17354247,0.15124144,0.14388476,0.28933187,0.21429380,0.17028240,0.14944188,0.42388404,0.29580899,0.23919121,0.45404206,0.30739873,0.24181930
141,0.19138216,0.25190572,0.15878210,0.14563482,0.24739276,0.18886923,0.15767362,0.14534892,0.21836802,0.17325203,0.15112674,0.14386349,0.28839950,0.21369762,0.16996714,0.14931808,0.42360929,0.29560964,0.23904898,0.45304553,0.30660120,0.24127109
142,0.19126236,0.25169432,0.15872893,0.14562129,0.24711738,0.18871454,0.15760572,0.14533212,0.21782407,0.17296531,0.15101384,0.14384271,0.28747681,0.21310886,0.16965645,0.14919668,0.42334370,0.29541709,0.23891162,0.45205519,0.30581187,0.24072901
143,0.19114659,0.25149003,0.15867755,0.14560823,0.24684844,0.18856349,0.15753945,0.14531575,0.21728643,0.17268223,0.15090268,0.14382243,0.28656368,0.21252738,0.16935023,0.14907760,0.42308711,0.29523121,0.23877904,0.45107099,0.30503061,0.24019294
144,0.19103477,0.25129272,0.15862795,0.14559564,0.24658582,0.18841601,0.15747478,0.14529980,0.21675496,0.17240274,0.15079325,0.14380262,0.28565996,0.21195307,0.16904840,0.14896080,0.42283938,0.29505187,0.23865114,0.45009289,0.30425730,0.23966279
145,0.19092683,0.25110225,0.15858009,0.14558351,0.24632938,0.18827202,0.15741167,0.14528426,0.21622958,0.17212677,0.15068551,0.14378328,0.28476553,0.21138578,0.16875087,0.14884622,0.42260033,0.29487894,0.23852783,0.44912083,0.30349182,0.23913845
146,0.19082269,0.25091849,0.15853392,0.14557181,0.24607898,0.18813145,0.15735010,0.14526913,0.21571017,0.17185426,0.15057943,0.14376440,0.28388024,0.21082541,0.16845757,0.14873384,0.42236982,0.29471229,0.23840901,0.44815475,0.30273404,0.23861982
147,0.19072228,0.25074132,0.15848942,0.14556056,0.24583450,0.18799422,0.15729002,0.14525439,0.21519662,0.17158514,0.15047497,0.14374596,0.28300397,0.21027183,0.16816841,0.14862358,0.42214768,0.29455179,0.23829460,0.44719462,0.30198385,0.23810680
148,0.19062553,0.25057061,0.15844655,0.14554972,0.24559581,0.18786025,0.15723140,0.14524004,0.21468884,0.17131936,0.15037211,0.14372795,0.28213659,0.20972493,0.16788331,0.14851542,0.42193376,0.29439733,0.23818450,0.44624038,0.30124112,0.23759931
149,0.19053236,0.25040623,0.15840528,0.14553931,0.24536277,0.18772947,0.15717420,0.14522605,0.21418673,0.17105687,0.15027082,0.14371036,0.28127798,0.20918458,0.16760220,0.14840930,0.42172789,0.29424878,0.23807862,0.44529198,0.30050575,0.23709723
150,0.19044271,0.25024806,0.15836558,0.14552930,0.24513527,0.18760181,0.15711840,0.14521243,0.21369018,0.17079759,0.15017108,0.14369319,0.28042800,0.20865068,0.16732500,0.14830519,0.42152994,0.29410601,0.23797687,0.44434937,0.29977763,0.23660050
151,0.19035650,0.25009598,0.15832741,0.14551968,0.24491319,0.18747720,0.15706396,0.14519916,0.21319912,0.17054149,0.15007284,0.14367642,0.27958654,0.20812312,0.16705164,0.14820303,0.42133973,0.29396891,0.23787918,0.44341251,0.29905664,0.23610901
152,0.19027366,0.24994987,0.15829075,0.14551045,0.24469638,0.18735557,0.15701084,0.14518623,0.21271344,0.17028850,0.14997609,0.14366005,0.27875348,0.20760179,0.16678206,0.14810280,0.42115712,0.29383735,0.23778544,0.44248134,0.29834267,0.23562267
153,0.19019414,0.24980959,0.15825555,0.14550160,0.24448475,0.18723684,0.15695902,0.14517363,0.21223305,0.17003858,0.14988080,0.14364407,0.27792870,0.20708658,0.16651617,0.14800445,0.42098195,0.29371122,0.23769558,0.44155583,0.29763563,0.23514142
154,0.19011784,0.24967505,0.15822180,0.14549312,0.24427816,0.18712096,0.15690846,0.14516137,0.21175787,0.16979167,0.14978695,0.14362846,0.27711208,0.20657740,0.16625392,0.14790794,0.42081406,0.29359039,0.23760950,0.44063592,0.29693540,0.23466515
155,0.19004472,0.24954610,0.15818945,0.14548500,0.24407649,0.18700784,0.15685914,0.14514941,0.21128782,0.16954772,0.14969450,0.14361322,0.27630351,0.20607414,0.16599523,0.14781323,0.42065331,0.29347475,0.23752713,0.43972156,0.29624190,0.23419380
156,0.18997470,0.24942264,0.15815849,0.14547723,0.24387964,0.18689743,0.15681101,0.14513777,0.21082280,0.16930669,0.14960344,0.14359834,0.27550288,0.20557670,0.16574005,0.14772029,0.42049954,0.29336418,0.23744837,0.43881272,0.29555501,0.23372727
157,0.18990772,0.24930455,0.15812887,0.14546981,0.24368747,0.18678966,0.15676405,0.14512642,0.21036274,0.16906852,0.14951373,0.14358381,0.27471007,0.20508499,0.16548831,0.14762908,0.42035259,0.29325856,0.23737315,0.43790935,0.29487464,0.23326551
158,0.18984370,0.24919171,0.15810056,0.14546272,0.24349988,0.18668446,0.15671824,0.14511537,0.20990755,0.16883317,0.14942536,0.14356962,0.27392498,0.20459892,0.16523995,0.14753956,0.42021232,0.29315778,0.23730138,0.43701140,0.29420069,0.23280842
159,0.18978259,0.24908400,0.15807355,0.14545596,0.24331676,0.18658177,0.15667353,0.14510460,0.20945717,0.16860059,0.14933831,0.14355577,0.27314750,0.20411839,0.16499491,0.14745171,0.42007857,0.29306172,0.23723297,0.43611882,0.29353308,0.23235593
160,0.18972432,0.24898131,0.15804779,0.14544952,0.24313797,0.18648151,0.15662990,0.14509410,0.20901150,0.16837074,0.14925254,0.14354225,0.27237753,0.20364331,0.16475313,0.14736548,0.41995119,0.29297026,0.23716785,0.43523158,0.29287171,0.23190797
161,0.18966882,0.24888352,0.15802326,0.14544339,0.24296342,0.18638364,0.15658733,0.14508387,0.20857048,0.16814357,0.14916804,0.14352905,0.27161495,0.20317360,0.16451455,0.14728085,0.41983002,0.29288330,0.23710594,0.43434963,0.29221648,0.23146448
162,0.18961602,0.24879052,0.15799993,0.14543757,0.24279299,0.18628807,0.15654578,0.14507390,0.20813404,0.16791904,0.14908478,0.14351616,0.27085968,0.20270916,0.16427912,0.14719778,0.41971492,0.29280072,0.23704714,0.43347292,0.29156732,0.23102538
163,0.18956587,0.24870218,0.15797777,0.14543204,0.24262657,0.18619476,0.15650522,0.14506417,0.20770210,0.16769711,0.14900275,0.14350357,0.27011160,0.20224992,0.16404678,0.14711624,0.41960573,0.29272241,0.23699139,0.43260142,0.29092413,0.23059060
164,0.18951829,0.24861840,0.15795675,0.14542679,0.24246405,0.18610363,0.15646562,0.14505469,0.20727458,0.16747775,0.14892192,0.14349129,0.26937063,0.20179579,0.16381749,0.14703621,0.41950229,0.29264824,0.23693859,0.43173508,0.29028684,0.23016008
165,0.18947323,0.24853906,0.15793684,0.14542183,0.24230531,0.18601462,0.15642697,0.14504545,0.20685144,0.16726089,0.14884227,0.14347929,0.26863665,0.20134668,0.16359118,0.14695765,0.41940446,0.29257811,0.23688867,0.43087386,0.28965534,0.22973375
166,0.18943061,0.24846404,0.15791802,0.14541714,0.24215024,0.18592768,0.15638922,0.14503643,0.20643259,0.16704652,0.14876379,0.14346758,0.26790959,0.20090253,0.16336781,0.14688053,0.41931208,0.29251191,0.23684154,0.43001772,0.28902958,0.22931154
167,0.18939037,0.24839323,0.15790024,0.14541271,0.24199874,0.18584273,0.15635235,0.14502764,0.20601797,0.16683459,0.14868645,0.14345615,0.26718934,0.20046325,0.16314733,0.14680482,0.41922499,0.29244952,0.23679714,0.42916661,0.28840945,0.22889341
168,0.18935245,0.24832651,0.15788350,0.14540854,0.24185070,0.18575973,0.15631633,0.14501906,0.20560752,0.16662506,0.14861023,0.14344499,0.26647581,0.20002876,0.16292968,0.14673051,0.41914305,0.29239083,0.23675536,0.42832051,0.28779489,0.22847928
169,0.18931679,0.24826377,0.15786774,0.14540462,0.24170601,0.18567860,0.15628114,0.14501068,0.20520117,0.16641790,0.14853512,0.14343410,0.26576891,0.19959899,0.16271483,0.14665755,0.41906611,0.29233573,0.23671615,0.42747935,0.28718582,0.22806909
170,0.18928331,0.24820488,0.15785295,0.14540095,0.24156455,0.18559928,0.15624675,0.14500251,0.20479886,0.16621306,0.14846109,0.14342347,0.26506855,0.19917387,0.16250272,0.14658593,0.41899400,0.29228410,0.23667940,0.42664312,0.28658216,0.22766279
171,0.18925195,0.24814974,0.15783910,0.14539750,0.24142623,0.18552172,0.15621313,0.14499452,0.20440054,0.16601052,0.14838813,0.14341309,0.26437465,0.19875333,0.16229331,0.14651561,0.41892657,0.29223584,0.23664506,0.42581176,0.28598384,0.22726032
172,0.18922264,0.24809823,0.15782616,0.14539429,0.24129093,0.18544585,0.15618026,0.14498672,0.20400613,0.16581024,0.14831622,0.14340295,0.26368711,0.19833729,0.16208655,0.14644658,0.41886368,0.29219082,0.23661302,0.42498524,0.28539078,0.22686162
173,0.18919533,0.24805023,0.15781410,0.14539129,0.24115854,0.18537161,0.15614810,0.14497910,0.20361560,0.16561218,0.14824535,0.14339306,0.26300586,0.19792569,0.16188241,0.14637881,0.41880516,0.29214895,0.23658322,0.42416351,0.28480291,0.22646663
174,0.18916994,0.24800562,0.15780288,0.14538851,0.24102896,0.18529895,0.15611663,0.14497165,0.20322887,0.16541631,0.14817549,0.14338341,0.26233080,0.19751845,0.16168083,0.14631227,0.41875086,0.29211010,0.23655558,0.42334655,0.28422017,0.22607531
175,0.18914640,0.24796428,0.15779249,0.14538592,0.24090209,0.18522779,0.15608582,0.14496436,0.20284589,0.16522261,0.14810663,0.14337399,0.26166186,0.19711552,0.16148178,0.14624695,0.41870063,0.29207416,0.23653001,0.42253431,0.28364247,0.22568761
176,0.18912466,0.24792610,0.15778288,0.14538354,0.24077781,0.18515809,0.15605565,0.14495724,0.20246661,0.16503103,0.14803875,0.14336479,0.26099896,0.19671683,0.16128521,0.14618281,0.41865430,0.29204103,0.23650643,0.42172675,0.28306976,0.22530346
177,0.18910464,0.24789096,0.15777404,0.14538135,0.24065601,0.18508978,0.15602609,0.14495026,0.20209098,0.16484154,0.14797184,0.14335581,0.26034201,0.19632231,0.16109109,0.14611984,0.41861173,0.29201058,0.23648477,0.42092384,0.28250197,0.22492281
178,0.18908627,0.24785873,0.15776593,0.14537934,0.24053660,0.18502281,0.15599712,0.14494343,0.20171894,0.16465412,0.14790588,0.14334705,0.25969094,0.19593190,0.16089938,0.14605801,0.41857276,0.29198272,0.23646494,0.42012554,0.28193902,0.22454563
179,0.18906950,0.24782930,0.15775852,0.14537750,0.24041946,0.18495710,0.15596870,0.14493673,0.20135044,0.16446874,0.14784086,0.14333850,0.25904567,0.19554554,0.16071003,0.14599730,0.41853723,0.29195731,0.23644686,0.41933182,0.28138087,0.22417185
180,0.18905425,0.24780254,0.15775178,0.14537583,0.24030449,0.18489261,0.15594081,0.14493017,0.20098543,0.16428536,0.14777676,0.14333015,0.25840612,0.19516317,0.16052301,0.14593769,0.41850499,0.29193426,0.23643046,0.41854263,0.28082743,0.22380143
181,0.18904044,0.24777834,0.15774568,0.14537431,0.24019158,0.18482927,0.15591343,0.14492373,0.20062387,0.16410396,0.14771357,0.14332200,0.25777222,0.19478474,0.16033829,0.14587917,0.41847587,0.29191344,0.23641565,0.41775794,0.28027866,0.22343433
182,0.18902802,0.24775657,0.15774019,0.14537295,0.24008063,0.18476702,0.15588653,0.14491741,0.20026569,0.16392450,0.14765126,0.14331406,0.25714390,0.19441017,0.16015582,0.14582170,0.41844972,0.29189475,0.23640235,0.41697772,0.27973448,0.22307050
183,0.18901691,0.24773711,0.15773528,0.14537174,0.23997152,0.18470580,0.15586008,0.14491120,0.19991087,0.16374697,0.14758984,0.14330630,0.25652109,0.19403943,0.15997557,0.14576528,0.41842639,0.29187807,0.23639049,0.41620193,0.27919484,0.22270988
184,0.18900705,0.24771983,0.15773092,0.14537066,0.23986416,0.18464556,0.15583406,0.14490509,0.19955934,0.16357132,0.14752927,0.14329873,0.25590371,0.19367244,0.15979752,0.14570988,0.41840571,0.29186329,0.23637997,0.41543054,0.27865969,0.22235245
185,0.18899835,0.24770460,0.15772708,0.14536971,0.23975844,0.18458623,0.15580843,0.14489909,0.19921107,0.16339754,0.14746956,0.14329134,0.25529169,0.19330917,0.15962161,0.14565548,0.41838752,0.29185030,0.23637073,0.41466351,0.27812895,0.22199815
186,0.18899076,0.24769131,0.15772372,0.14536887,0.23965425,0.18452776,0.15578318,0.14489317,0.19886600,0.16322561,0.14741068,0.14328413,0.25468497,0.19294955,0.15944783,0.14560207,0.41837168,0.29183897,0.23636267,0.41390080,0.27760258,0.22164694
187,0.18898420,0.24767982,0.15772082,0.14536816,0.23955148,0.18447008,0.15575828,0.14488735,0.19852411,0.16305548,0.14735263,0.14327709,0.25408348,0.19259352,0.15927613,0.14554962,0.41835801,0.29182920,0.23635572,0.41314239,0.27708052,0.22129878
188,0.18897859,0.24767001,0.15771834,0.14536754,0.23945003,0.18441314,0.15573371,0.14488160,0.19818533,0.16288714,0.14729538,0.14327023,0.25348715,0.19224105,0.15910649,0.14549812,0.41834635,0.29182087,0.23634979,0.41238823,0.27656272,0.22095362
189,0.18897386,0.24766175,0.15771625,0.14536702,0.23934979,0.18435687,0.15570943,0.14487593,0.19784963,0.16272057,0.14723894,0.14326353,0.25289591,0.19189208,0.15893887,0.14544755,0.41833656,0.29181387,0.23634481,0.41163830,0.27604911,0.22061144
190,0.18896995,0.24765491,0.15771452,0.14536659,0.23925066,0.18430122,0.15568542,0.14487033,0.19751698,0.16255573,0.14718327,0.14325700,0.25230971,0.19154656,0.15877324,0.14539790,0.41832846,0.29180809,0.23634070,0.41089257,0.27553965,0.22027218
191,0.18896677,0.24764935,0.15771311,0.14536625,0.23915253,0.18424613,0.15566165,0.14486478,0.19718732,0.16239261,0.14712838,0.14325062,0.25172848,0.19120444,0.15860958,0.14534915,0.41832190,0.29180340,0.23633736,0.41015099,0.27503428,0.21993581
192,0.18896425,0.24764495,0.15771200,0.14536597,0.23905530,0.18419153,0.15563810,0.14485930,0.19686062,0.16223118,0.14707425,0.14324440,0.25115215,0.19086568,0.15844786,0.14530127,0.41831671,0.29179969,0.23633472,0.40941355,0.27453295,0.21960230
193,0.18896232,0.24764158,0.15771114,0.14536576,0.23895886,0.18413737,0.15561475,0.14485386,0.19653683,0.16207142,0.14702087,0.14323833,0.25058067,0.19053022,0.15828803,0.14525427,0.41831274,0.29179685,0.23633270,0.40868020,0.27403562,0.21927159
194,0.18896089,0.24763909,0.15771051,0.14536560,0.23886309,0.18408359,0.15559157,0.14484846,0.19621593,0.16191330,0.14696823,0.14323240,0.25001398,0.19019802,0.15813009,0.14520811,0.41830982,0.29179477,0.23633122,0.40795091,0.27354223,0.21894367
195,0.18895990,0.24763736,0.15771007,0.14536549,0.23876791,0.18403013,0.15556852,0.14484310,0.19589787,0.16175681,0.14691631,0.14322663,0.24945201,0.18986904,0.15797399,0.14516279,0.41830779,0.29179332,0.23633019,0.40722566,0.27305273,0.21861848
196,0.18895927,0.24763625,0.15770979,0.14536542,0.23867319,0.18397693,0.15554560,0.14483778,0.19558262,0.16160191,0.14686511,0.14322099,0.24889471,0.18954324,0.15781972,0.14511829,0.41830649,0.29179239,0.23632953,0.40650441,0.27256707,0.21829600
197,0.18895891,0.24763563,0.15770963,,0.23857884,0.18392393,0.15552276,0.14483247,0.19527013,0.16144860,0.14681461,0.14321549,0.24834202,0.18922056,0.15766724,0.14507459,0.41830576,0.29179187,0.23632916,0.40578712,0.27208522,0.21797618
198,0.18895875,0.24763535,0.15770956,,0.23848476,0.18387106,0.15549999,0.14482719,0.19496038,0.16129684,0.14676480,0.14321013,0.24779388,0.18890096,0.15751653,0.14503169,0.41830544,0.29179164,0.23632899,0.40507378,0.27160711,0.21765900
199,0.18895871,0.24763528,,,0.23839082,0.18381829,0.15547726,0.14482192,0.19465332,0.16114662,0.14671568,0.14320489,0.24725025,0.18858442,0.15736756,0.14498956,0.41830536,0.29179158,0.23632895,0.40436435,0.27113271,0.21734443
200,,,,,0.23829694,0.18376553,0.15545454,0.14481666,0.19434893,0.16099792,0.14666723,0.14319979,0.24671105,0.18827087,0.15722031,0.14494820,,,,0.40365880,0.27066197,0.21703242
