epoch,baseline,sgd_lr0.05,sgd_lr0.30,sgd_momentum_lr0.05,sgd_momentum_lr0.10,sgd_momentum_lr0.20,adagrad_lr0.20,adagrad_lr0.50,adagrad_lr1.00,rmsprop_lr0.02,rmsprop_lr0.05,rmsprop_lr0.10,adam_lr0.03,adam_lr0.08,adam_lr0.15,sgd_lr0.60,sgd_momentum_lr0.40,sgd_momentum_lr0.80,adagrad_lr2.00,adagrad_lr4.00,rmsprop_lr0.20,rmsprop_lr0.40,adam_lr0.25,adam_lr0.40,adam_nbc_lr0.15,adam_nbc_lr0.40
1,0.68495611,0.69040439,0.67687689,0.69040439,0.68767404,0.68225061,0.63399030,0.57661777,0.54849284,0.67254189,0.64493489,0.60750284,0.68315266,0.66737935,0.64714247,0.66105357,0.67155283,0.65075238,0.63562781,0.99868240,0.56193865,0.55797279,0.62190495,0.59181933,0.58016591,0.55797076
2,0.67698526,0.68768634,0.66147313,0.68523959,0.67746024,0.66228142,0.59855795,0.49773808,0.39068156,0.65904229,0.61523286,0.55361024,0.67356910,0.64439103,0.60846296,0.63231023,0.63340717,0.58127530,0.27707642,0.19608481,0.46159579,0.34910366,0.56116133,0.50080067,0.44808474,0.29118284
3,0.66922766,0.68499275,0.64688116,0.67797872,0.66330957,0.63542207,0.57297027,0.45780376,0.35110961,0.64832526,0.59245825,0.51809345,0.66439285,0.62330401,0.57188954,0.60649549,0.58509999,0.50335321,0.25081451,0.17863433,0.41811612,0.31127012,0.50806369,0.43553464,0.36740068,0.25428542
4,0.66167658,0.68232338,0.63304938,0.66894359,0.64604831,0.60395759,0.55268872,0.42946263,0.32534429,0.63914087,0.57362520,0.49086758,0.65560372,0.60299911,0.53811815,0.58324057,0.53294177,0.43125894,0.23726948,0.17225653,0.38747099,0.28745728,0.46525913,0.39064431,0.30941835,0.23577033
5,0.65432543,0.67967797,0.61992934,0.65844447,0.62648368,0.57004697,0.53585424,0.40758391,0.30655700,0.63094773,0.55741113,0.46867179,0.64715807,0.58327374,0.50820658,0.56222541,0.48198298,0.37155190,0.22713458,0.16944867,0.36390799,0.26989015,0.43029789,0.35351973,0.25894230,0.19583524
6,0.64716783,0.67705627,0.60747561,0.64677436,0.60537000,0.53554434,0.52146367,0.38993122,0.29204315,0.62346154,0.54308661,0.44990718,0.63898824,0.56439954,0.48204481,0.54317332,0.43543465,0.32487888,0.21912771,0.16735715,0.34493498,0.25616834,0.40001447,0.32107064,0.22447195,0.16572753
7,0.64019760,0.67445802,0.59564576,0.63420475,0.58338311,0.50189126,0.50890403,0.37525212,0.28038112,0.61651276,0.53020118,0.43364604,0.63101605,0.54662766,0.45869202,0.52584559,0.39476593,0.28925324,0.21259572,0.16557143,0.32916617,0.24502734,0.37358512,0.29430466,0.20467624,0.15493975
8,0.63340872,0.67188298,0.58440013,0.62098272,0.56110332,0.47008794,0.49776993,0.36277104,0.27073753,0.60999051,0.51845453,0.41929360,0.62317667,0.53006095,0.43737903,0.51003629,0.36020454,0.26217380,0.20713748,0.16399439,0.31574824,0.23572368,0.35095147,0.27331005,0.19163612,0.15772711
9,0.62679539,0.66933090,0.57370179,0.60732915,0.53900720,0.44073127,0.48777840,0.35197497,0.26258610,0.60381736,0.50763525,0.40644634,0.61543528,0.51463769,0.41791758,0.49556769,0.33128768,0.24145676,0.20249057,0.16258726,0.30412050,0.22778697,0.33160862,0.25669327,0.18114579,0.16415157
10,0.62035195,0.66680153,0.56351630,0.59343794,0.51746734,0.41409361,0.47872360,0.34250741,0.25557554,0.59793661,0.49758823,0.39481764,0.60778667,0.50018194,0.40034256,0.48228617,0.30726892,0.22541082,0.19847486,0.16132364,0.29389626,0.22090273,0.31464486,0.24281569,0.17293068,0.16715029
11,0.61407297,0.66429465,0.55381162,0.57947622,0.49675873,0.39021390,0.47045091,0.33411099,0.24946102,0.59230530,0.48819594,0.38419686,0.60024467,0.48651238,0.38458153,0.47005874,0.28735382,0.21278692,0.19496187,0.16018281,0.28479857,0.21485137,0.29934544,0.23085830,0.16717092,0.16496428
12,0.60795317,0.66181000,0.54455794,0.56558512,0.47706975,0.36898089,0.46284117,0.32659412,0.24406586,0.58689007,0.47936697,0.37442460,0.59283116,0.47352890,0.37036708,0.45877001,0.27081083,0.20268224,0.19185714,0.15914797,0.27662294,0.20947411,0.28550767,0.22074292,0.16309789,0.15963871
13,0.60198743,0.65934734,0.53572752,0.55188132,0.45851583,0.35019849,0.45580051,0.31981060,0.23925888,0.58166440,0.47102872,0.36537731,0.58556856,0.46121586,0.35734285,0.44831963,0.25701050,0.19445284,0.18908937,0.15820528,0.26921454,0.20465280,0.27323014,0.21254318,0.15951710,0.15449453
14,0.59617084,0.65690646,0.52729456,0.53845894,0.44115380,0.33363183,0.44925368,0.31364654,0.23494029,0.57660689,0.46312248,0.35695723,0.57847537,0.44959489,0.34523664,0.43862014,0.24543009,0.18764481,0.18660360,0.15734327,0.26245361,0.20029739,0.26258068,0.20608598,0.15581516,0.15215084
15,0.59049863,0.65448711,0.51923504,0.52539171,0.42499559,0.31903685,0.44313939,0.30801159,0.23103266,0.57170001,0.45560004,0.34908562,0.57156380,0.43867795,0.33393803,0.42959512,0.23564387,0.18194149,0.18435663,0.15655230,0.25624580,0.19633780,0.25342995,0.20090022,0.15226680,0.15336143
16,0.58496619,0.65208905,0.51152664,0.51273532,0.41002026,0.30617763,0.43740706,0.30283304,0.22747481,0.56692919,0.44842131,0.34169807,0.56483867,0.42844091,0.32344900,0.42117761,0.22730921,0.17712301,0.18231402,0.15582424,0.25051561,0.19271853,0.24549525,0.19641226,0.14953285,0.15689934
17,0.57956908,0.64971208,0.50414859,0.50052986,0.39618416,0.29483560,0.43201447,0.29805155,0.22421767,0.56228223,0.44155258,0.33474118,0.55829751,0.41882084,0.31379135,0.41330877,0.22015266,0.17303536,0.18044787,0.15515215,0.24520177,0.18939495,0.23849550,0.19219543,0.14799869,0.16057402
18,0.57430300,0.64735595,0.49708152,0.48880207,0.38342896,0.28481344,0.42692600,0.29361816,0.22122135,0.55774878,0.43496519,0.32817013,0.55193171,0.40973356,0.30494204,0.40593681,0.21395747,0.16956716,0.17873533,0.15453009,0.24025398,0.18633068,0.23225942,0.18809593,0.14748646,0.16264922
19,0.56916381,0.64502045,0.49030744,0.47756758,0.37168776,0.27593608,0.42211134,0.28949202,0.21845304,0.55331999,0.42863461,0.32194696,0.54572874,0.40110033,0.29682171,0.39901598,0.20855282,0.16663276,0.17715747,0.15395294,0.23563043,0.18349570,0.22671589,0.18418778,0.14743001,0.16263257
20,0.56414751,0.64270535,0.48380955,0.46683290,0.36088964,0.26804996,0.41754446,0.28563875,0.21588546,0.54898826,0.42253965,0.31603914,0.53967502,0.39286759,0.28932837,0.39250577,0.20380471,0.16416092,0.17569845,0.15341626,0.23129611,0.18086497,0.22181823,0.18063352,0.14726922,0.16115586
21,0.55925023,0.64041044,0.47757223,0.45659716,0.35096288,0.26102150,0.41320286,0.28202918,0.21349571,0.54474700,0.41666187,0.31041866,0.53375869,0.38501029,0.28238233,0.38637024,0.19960836,0.16208792,0.17434493,0.15291617,0.22722136,0.17841741,0.21748297,0.17755195,0.14674465,0.15936797
22,0.55446826,0.63813550,0.47158088,0.44685374,0.34183713,0.25473517,0.40906694,0.27863835,0.21126443,0.54059044,0.41098514,0.30506114,0.52797145,0.37752211,0.27594676,0.38057738,0.19588173,0.16035411,0.17308552,0.15244926,0.22338094,0.17613511,0.21358302,0.17495341,0.14593510,0.15830023
23,0.54979799,0.63588032,0.46582190,0.43759157,0.33344484,0.24909160,0.40511956,0.27544477,0.20917507,0.53651355,0.40549529,0.29994529,0.52230919,0.37040094,0.27001480,0.37509866,0.19256021,0.15890305,0.17191051,0.15201256,0.21975312,0.17400272,0.20998688,0.17275268,0.14509575,0.15843683
24,0.54523596,0.63364467,0.46028259,0.42879625,0.32572215,0.24400558,0.40134560,0.27242984,0.20721343,0.53251185,0.40017974,0.29505237,0.51677144,0.36363745,0.26458064,0.36990853,0.18959228,0.15768208,0.17081149,0.15160342,0.21631917,0.17200702,0.20660502,0.17082958,0.14445278,0.15959212
25,0.54077881,0.63142836,0.45495110,0.42045101,0.31860939,0.23940437,0.39773167,0.26957730,0.20536723,0.52858141,0.39502739,0.29036581,0.51136008,0.35721061,0.25961683,0.36498411,0.18693603,0.15664359,0.16978118,0.15121950,0.21306275,0.17013649,0.20340810,0.16909058,0.14408302,0.16110924
26,0.53642332,0.62923118,0.44981633,0.41253744,0.31205120,0.23522596,0.39426588,0.26687296,0.20362578,0.52471870,0.39002843,0.28587093,0.50607774,0.35109051,0.25507021,0.36030483,0.18455646,0.15574639,0.16881323,0.15085870,0.20996959,0.16838109,0.20040969,0.16749663,0.14392004,0.16225029
27,0.53216638,0.62705291,0.44486793,0.40503615,0.30599667,0.23141766,0.39093760,0.26430427,0.20197975,0.52092056,0.38517522,0.28155476,0.50092638,0.34524608,0.25087504,0.35585216,0.18242344,0.15495661,0.16790207,0.15051916,0.20702714,0.16673198,0.19763235,0.16605138,0.14384298,0.16255712
28,0.52800497,0.62489336,0.44009619,0.39792720,0.30039912,0.22793472,0.38773728,0.26186016,0.20042092,0.51718418,0.38046881,0.27740635,0.49590628,0.33965283,0.24697215,0.35160936,0.18051032,0.15424805,0.16704280,0.15019921,0.20422430,0.16518133,0.19508097,0.16476817,0.14376629,0.16201906
29,0.52393619,0.62275233,0.43549204,0.39119055,0.29521602,0.22473913,0.38465632,0.25953080,0.19894203,0.51350698,0.37596650,0.27341967,0.49101554,0.33429665,0.24332110,0.34756132,0.17879298,0.15360182,0.16623106,0.14989735,0.20155122,0.16372221,0.19273706,0.16364039,0.14367326,0.16100917
30,0.51995725,0.62062961,0.43104698,0.38480628,0.29040869,0.22179861,0.38168698,0.25730741,0.19753665,0.50988666,0.37179278,0.26960996,0.48625010,0.32917242,0.23989974,0.34369430,0.17724924,0.15300550,0.16546300,0.14961222,0.19899913,0.16234840,0.19057122,0.16263225,0.14359106,0.16005377
31,0.51606545,0.61852502,0.42675304,0.37875489,0.28594208,0.21908563,0.37882219,0.25518212,0.19619906,0.50632111,0.36738023,0.26609997,0.48160426,0.32427912,0.23669484,0.33999583,0.17585863,0.15245182,0.16473518,0.14934259,0.19656016,0.16105433,0.18856046,0.16169197,0.14354438,0.15955991
32,0.51225817,0.61643834,0.42260273,0.37301738,0.28178453,0.21657663,0.37605556,0.25314788,0.19492413,0.50280839,0.36291428,0.26313305,0.47707153,0.31961434,0.23369159,0.33645458,0.17460226,0.15193727,0.16404453,0.14908736,0.19422724,0.15983496,0.18669656,0.16077619,0.14352640,0.15963389
33,0.50853290,0.61436941,0.41858904,0.36757545,0.27790744,0.21425133,0.37338125,0.25119833,0.19370726,0.49934675,0.35869999,0.25977333,0.47264552,0.31517082,0.23086866,0.33306019,0.17346282,0.15146067,0.16338826,0.14884551,0.19199400,0.15868576,0.18498115,0.15986940,0.14350311,0.16007296
34,0.50488722,0.61231801,0.41470538,0.36241152,0.27428509,0.21209215,0.37079391,0.24932770,0.19254432,0.49593457,0.35464343,0.25586989,0.46832068,0.31093607,0.22820049,0.32980320,0.17242470,0.15102191,0.16276390,0.14861612,0.18985467,0.15760258,0.18341377,0.15898682,0.14344048,0.16051484
35,0.50131878,0.61028397,0.41094556,0.35750882,0.27089434,0.21008373,0.36828864,0.24753080,0.19143157,0.49257033,0.35070047,0.25236483,0.46409269,0.30689475,0.22566385,0.32667495,0.17147401,0.15062101,0.16216919,0.14839836,0.18780400,0.15658164,0.18198261,0.15816111,0.14333096,0.16064500
36,0.49782532,0.60826709,0.40730376,0.35285139,0.26771440,0.20821250,0.36586094,0.24580288,0.19036563,0.48925266,0.34685500,0.24914663,0.45995860,0.30303197,0.22324358,0.32366750,0.17059860,0.15025748,0.16160209,0.14819146,0.18583724,0.15561947,0.18066409,0.15742196,0.14320038,0.16034508
37,0.49440465,0.60626720,0.40377448,0.34842410,0.26472662,0.20646639,0.36350665,0.24413961,0.18934343,0.48598026,0.34310049,0.24609198,0.45591651,0.29933595,0.22093386,0.32077355,0.16978805,0.14992999,0.16106075,0.14799471,0.18395001,0.15471290,0.17943064,0.15678037,0.14309225,0.15971861
38,0.49105468,0.60428411,0.40035258,0.34421267,0.26191427,0.20483456,0.36122194,0.24253705,0.18836217,0.48275192,0.33943240,0.24315113,0.45196512,0.29579865,0.21873476,0.31798639,0.16903362,0.14963632,0.16054347,0.14780748,0.18213831,0.15385898,0.17826032,0.15622481,0.14304144,0.15900424
39,0.48777336,0.60231764,0.39703320,0.34020363,0.25926234,0.20330718,0.35900326,0.24099157,0.18741929,0.47956653,0.33584739,0.24030736,0.44810327,0.29241461,0.21664688,0.31529983,0.16832807,0.14937346,0.16004873,0.14762916,0.18039847,0.15305498,0.17714210,0.15572914,0.14305440,0.15843780
40,0.48455872,0.60036762,0.39381174,0.33638432,0.25675738,0.20187534,0.35684733,0.23949987,0.18651247,0.47642302,0.33234231,0.23755211,0.44432950,0.28917890,0.21466735,0.31270815,0.16766552,0.14913791,0.15957510,0.14745921,0.17872710,0.15229837,0.17607428,0.15526596,0.14310741,0.15813771
41,0.48140888,0.59843386,0.39068389,0.33274284,0.25438730,0.20053085,0.35475109,0.23805888,0.18563955,0.47332040,0.32891453,0.23488047,0.44064177,0.28608522,0.21278911,0.31020608,0.16704126,0.14892594,0.15912129,0.14729713,0.17712107,0.15158678,0.17505856,0.15481754,0.14316197,0.15806582
42,0.47832199,0.59651620,0.38764557,0.32926804,0.25214125,0.19926622,0.35271169,0.23666580,0.18479858,0.47025773,0.32556151,0.23228823,0.43703744,0.28312520,0.21100309,0.30778872,0.16645153,0.14873386,0.15868612,0.14714246,0.17557747,0.15091800,0.17409452,0.15437940,0.14318649,0.15807215
43,0.47529629,0.59461445,0.38469292,0.32594948,0.25000948,0.19807459,0.35072649,0.23531802,0.18398773,0.46723411,0.32228143,0.22977226,0.43351333,0.28028892,0.20930124,0.30545153,0.16589334,0.14855830,0.15826850,0.14699475,0.17409362,0.15028995,0.17317784,0.15395649,0.14317091,0.15798834
44,0.47233006,0.59272846,0.38182229,0.32277743,0.24798321,0.19694964,0.34879302,0.23401314,0.18320534,0.46424871,0.31907302,0.22732954,0.43006605,0.27756622,0.20767837,0.30319032,0.16536428,0.14839632,0.15786741,0.14685361,0.17266700,0.14970067,0.17230256,0.15355579,0.14312716,0.15771546
45,0.46942165,0.59085805,0.37903026,0.31974275,0.24605450,0.19588558,0.34690895,0.23274893,0.18244985,0.46130072,0.31593757,0.22495808,0.42669223,0.27494812,0.20613182,0.30100115,0.16486235,0.14824548,0.15748193,0.14671867,0.17129527,0.14914832,0.17146465,0.15318025,0.14307799,0.15726330
46,0.46656947,0.58900306,0.37631355,0.31683696,0.24421619,0.19487713,0.34507214,0.23152332,0.18171985,0.45838936,0.31288005,0.22265664,0.42338880,0.27242755,0.20465957,0.29888039,0.16438583,0.14810389,0.15711118,0.14658958,0.16997623,0.14863114,0.17066384,0.15282718,0.14304269,0.15672884
47,0.46377196,0.58716332,0.37366908,0.31405213,0.24246179,0.19391950,0.34328055,0.23033440,0.18101400,0.45551391,0.30991007,0.22042716,0.42015315,0.26999925,0.20325829,0.29682464,0.16393318,0.14797012,0.15675438,0.14646603,0.16870784,0.14814747,0.16990259,0.15249092,0.14302848,0.15623382
48,0.46102765,0.58533867,0.37109393,0.31138088,0.24078540,0.19300829,0.34153226,0.22918036,0.18033107,0.45267366,0.30700858,0.21827652,0.41698317,0.26765906,0.20192251,0.29483072,0.16350296,0.14784313,0.15641079,0.14634771,0.16748816,0.14769572,0.16918297,0.15216715,0.14303060,0.15585883
49,0.45833507,0.58352895,0.36858533,0.30881633,0.23918165,0.19213959,0.33982550,0.22805955,0.17966990,0.44986793,0.30412066,0.21622337,0.41387719,0.26540294,0.20064534,0.29289568,0.16309379,0.14772222,0.15607970,0.14623435,0.16631537,0.14727437,0.16850415,0.15185572,0.14303883,0.15560842
50,0.45569284,0.58173400,0.36614065,0.30635208,0.23764564,0.19130981,0.33815857,0.22697040,0.17902945,0.44709608,0.30123759,0.21427796,0.41083379,0.26322643,0.19941998,0.29101674,0.16270434,0.14760689,0.15576048,0.14612569,0.16518776,0.14688199,0.16786189,0.15156030,0.14304485,0.15542123
51,0.45309962,0.57995366,0.36375739,0.30398218,0.23617289,0.19051579,0.33652989,0.22591145,0.17840870,0.44435747,0.29841544,0.21238510,0.40785168,0.26112456,0.19824115,0.28919131,0.16233327,0.14749678,0.15545254,0.14602148,0.16410372,0.14651717,0.16725019,0.15128532,0.14304603,0.15521308
52,0.45055408,0.57818778,0.36143319,0.30170109,0.23475929,0.18975466,0.33493796,0.22488135,0.17780672,0.44165150,0.29566485,0.21040930,0.40492950,0.25909220,0.19710547,0.28741695,0.16197929,0.14739161,0.15515531,0.14592150,0.16306184,0.14617859,0.16666369,0.15103250,0.14304451,0.15492532
53,0.44805498,0.57643621,0.35916580,0.29950364,0.23340105,0.18902387,0.33338136,0.22387881,0.17722265,0.43897757,0.29298101,0.20840073,0.40206575,0.25712466,0.19601086,0.28569138,0.16164115,0.14729116,0.15486827,0.14582552,0.16206333,0.14586494,0.16609913,0.15079922,0.14304356,0.15455184
54,0.44560108,0.57469879,0.35695309,0.29738505,0.23209471,0.18832114,0.33185875,0.22290262,0.17665566,0.43633512,0.29035539,0.20644942,0.39925878,0.25521810,0.19495557,0.28401245,0.16131763,0.14719522,0.15459093,0.14573337,0.16116350,0.14557499,0.16555523,0.15057944,0.14304435,0.15413376
55,0.44319122,0.57297537,0.35479301,0.29534085,0.23083704,0.18764446,0.33036887,0.22195167,0.17610500,0.43372360,0.28778406,0.20459072,0.39650681,0.25336960,0.19393738,0.28237814,0.16100759,0.14710359,0.15432283,0.14564484,0.16145959,0.14530752,0.16503141,0.15036660,0.14304516,0.15372991
56,0.44082424,0.57126581,0.35268364,0.29336688,0.22962509,0.18699200,0.32891053,0.22102489,0.17556993,0.43114246,0.28526378,0.20280592,0.39380801,0.25157696,0.19295355,0.28078656,0.16070996,0.14701607,0.15406355,0.14555975,0.16361085,0.14506138,0.16452660,0.15015648,0.14304316,0.15338261
57,0.43849903,0.56956996,0.35062313,0.29145929,0.22845610,0.18636215,0.32748257,0.22012128,0.17504980,0.42859118,0.28279317,0.20108313,0.39116063,0.24983827,0.19200128,0.27923591,0.16042375,0.14693246,0.15381269,0.14547796,0.15962632,0.14483544,0.16403888,0.14994852,0.14303691,0.15309801
58,0.43621454,0.56788767,0.34860973,0.28961447,0.22732754,0.18575346,0.32608393,0.21923990,0.17454396,0.42606926,0.28037067,0.19941224,0.38856303,0.24815152,0.19107835,0.27772451,0.16014807,0.14685258,0.15356985,0.14539929,0.15775856,0.14462858,0.16356620,0.14974507,0.14302776,0.15284918
59,0.43396971,0.56621880,0.34664176,0.28782907,0.22623705,0.18516462,0.32471358,0.21837986,0.17405181,0.42357619,0.27799603,0.19778953,0.38601377,0.24651447,0.19018346,0.27625075,0.15988210,0.14677622,0.15333470,0.14532360,0.15680507,0.14443974,0.16310725,0.14954936,0.14301915,0.15259655
60,0.43176354,0.56456322,0.34471764,0.28609996,0.22518243,0.18459446,0.32337055,0.21754032,0.17357278,0.42111149,0.27566869,0.19621161,0.38351160,0.24492472,0.18931600,0.27481315,0.15962512,0.14670321,0.15310688,0.14525075,0.15602442,0.14426789,0.16266191,0.14936345,0.14301460,0.15231175
61,0.42959506,0.56292077,0.34283583,0.28442423,0.22416165,0.18404190,0.32205391,0.21672049,0.17310636,0.41867477,0.27338964,0.19467799,0.38105540,0.24337988,0.18847560,0.27341026,0.15937649,0.14663333,0.15288609,0.14518062,0.15530206,0.14411200,0.16223088,0.14918740,0.14301553,0.15199124
62,0.42746333,0.56129133,0.34099490,0.28279915,0.22317283,0.18350597,0.32076277,0.21591961,0.17265202,0.41627008,0.27115734,0.19318771,0.37864415,0.24187784,0.18766158,0.27204075,0.15913562,0.14656639,0.15267203,0.14511308,0.15461674,0.14397111,0.16181483,0.14901969,0.14302063,0.15165403
63,0.42536744,0.55967476,0.33919345,0.28122219,0.22221421,0.18298578,0.31949630,0.21513698,0.17220930,0.41401599,0.26896864,0.19174281,0.37627688,0.24041681,0.18687280,0.27070333,0.15890200,0.14650218,0.15246441,0.14504802,0.15396514,0.14384454,0.16141369,0.14885847,0.14302669,0.15132734
64,0.42330649,0.55807091,0.33743016,0.27969098,0.22128415,0.18248048,0.31825371,0.21437192,0.17177775,0.41158907,0.26681143,0.19034393,0.37395260,0.23899534,0.18610782,0.26939680,0.15867518,0.14644048,0.15226297,0.14498531,0.15335569,0.14374360,0.16102654,0.14870260,0.14303049,0.15103025
65,0.42127963,0.55647966,0.33570377,0.27820329,0.22038114,0.18198932,0.31703421,0.21362378,0.17135693,0.40921084,0.26468147,0.18899383,0.37167026,0.23761213,0.18536517,0.26812001,0.15845476,0.14638106,0.15206745,0.14492487,0.15280870,0.14420040,0.16065205,0.14855194,0.14303045,0.15076462
66,0.41928604,0.55490089,0.33401306,0.27675705,0.21950376,0.18151160,0.31583709,0.21289197,0.17094645,0.40689647,0.26257942,0.18768256,0.36942881,0.23626588,0.18464366,0.26687188,0.15824035,0.14632371,0.15187762,0.14486659,0.15241482,0.15628293,0.16028903,0.14840682,,0.15051727
67,0.41732490,0.55333444,0.33235688,0.27535031,0.21865071,0.18104663,0.31466164,0.21217591,0.17054592,0.40461553,0.26051539,0.18639610,0.36722715,0.23495517,0.18394244,0.26565136,0.15803165,0.14626820,0.15169326,0.14481038,0.15207404,0.14939403,0.15993674,0.14826733,,0.15027012
68,0.41539543,0.55178021,0.33073411,0.27398124,0.21782074,0.18059382,0.31350720,0.21147504,0.17015497,0.40236096,0.25849089,0.18510892,0.36506421,0.23367850,0.18326078,0.26445747,0.15782833,0.14621435,0.15151414,0.14475615,0.15171151,0.14920783,0.15959480,0.14813289,,0.15001133
69,0.41349688,0.55023806,0.32914371,0.27264815,0.21701273,0.18015257,0.31237314,0.21078885,0.16977327,0.40013123,0.25650706,0.18383174,0.36293897,0.23243432,0.18259792,0.26328928,0.15763013,0.14616198,0.15134007,0.14470382,0.15098518,0.15100827,0.15926280,0.14800239,,0.14974092
70,0.41162851,0.54870786,0.32758465,0.27134941,0.21622562,0.17972235,0.31125884,0.21011683,0.16940047,0.39792563,0.25456120,0.18257503,0.36085044,0.23122115,0.18195292,0.26214590,0.15743680,0.14611094,0.15117084,0.14465330,0.15039757,0.14684968,0.15894014,0.14787481,,0.14946860
71,0.40978961,0.54718949,0.32605596,0.27008353,0.21545840,0.17930265,0.31016372,0.20945851,0.16903627,0.39574374,0.25265252,0.18135771,0.35879774,0.23003770,0.18132468,0.26102647,0.15724810,0.14606112,0.15100629,0.14460453,0.14987521,0.14400299,0.15862600,0.14774974,,0.14920650
72,0.40797948,0.54568283,0.32455670,0.26884908,0.21471016,0.17889299,0.30908722,0.20881345,0.16868037,0.39358514,0.25077903,0.18017817,0.35678004,0.22888280,0.18071217,0.25993019,0.15706383,0.14601244,0.15084622,0.14455742,0.14943511,0.14349713,0.15831960,0.14762756,,0.14896178
73,0.40619746,0.54418776,0.32308599,0.26764473,0.21398003,0.17849293,0.30802880,0.20818120,0.16833249,0.39144947,0.24894047,0.17903752,0.35479655,0.22775543,0.18011448,0.25885629,0.15688378,0.14596483,0.15069049,0.14451192,0.14904264,0.14331887,0.15802048,0.14750903,,0.14873350
74,0.40444290,0.54270416,0.32164295,0.26646921,0.21326721,0.17810205,0.30698795,0.20756137,0.16799235,0.38933634,0.24713551,0.17793061,0.35284652,0.22665461,0.17953100,0.25780403,0.15670778,0.14591827,0.15053892,0.14446796,0.14872459,0.14325489,0.15772855,0.14739484,,0.14851476
75,0.40271515,0.54123191,0.32022678,0.26532135,0.21257095,0.17771995,0.30596417,0.20695354,0.16765970,0.38724544,0.24536428,0.17685706,0.35092922,0.22557934,0.17896123,0.25677271,0.15653567,0.14587273,0.15039138,0.14442547,0.14856175,0.14321881,0.15744387,0.14728512,,0.14829785
76,0.40101362,0.53977089,0.31883666,0.26420002,0.21189053,0.17734627,0.30495698,0.20635736,0.16733428,0.38517643,0.24362512,0.17581380,0.34904390,0.22452862,0.17840478,0.25576165,0.15636728,0.14582821,0.15024771,0.14438440,0.14865679,0.14319624,0.15716649,0.14717942,,0.14807888
77,0.39933769,0.53832099,0.31747186,0.26310416,0.21122531,0.17698065,0.30396595,0.20577245,0.16701587,0.38312909,0.24191758,0.17480159,0.34718982,0.22350144,0.17786120,0.25477022,0.15620249,0.14578471,0.15010777,0.14434469,0.14867702,0.14317992,0.15689627,0.14707699,,0.14785930
78,0.39768681,0.53688209,0.31613162,0.26203278,0.21057465,0.17662279,0.30299061,0.20519848,0.16670423,0.38110338,0.24023792,0.17381833,0.34536623,0.22249684,0.17732998,0.25379780,0.15604115,0.14574221,0.14997145,0.14430629,0.14806106,0.14317108,0.15663287,0.14697717,,0.14764401
79,0.39606039,0.53545408,0.31481526,0.26098493,0.20993798,0.17627237,0.30203056,0.20463511,0.16639916,0.37910010,0.23858489,0.17286540,0.34357239,0.22151395,0.17681062,0.25284380,0.15588314,0.14570072,0.14983861,0.14426914,0.14739003,0.14317267,0.15637597,0.14687964,,0.14743779
80,0.39445790,0.53403685,0.31352209,0.25995972,0.20931475,0.17592911,0.30108539,0.20408203,0.16610044,0.37712185,0.23695521,0.17193889,0.34180760,0.22055198,0.17630267,0.25190767,0.15572835,0.14566021,0.14970913,0.14423321,0.14689352,0.14320119,0.15612528,0.14678442,,0.14724253
81,0.39287881,0.53263028,0.31225147,0.25895630,0.20870444,0.17559274,0.30015470,0.20353894,0.16580788,0.37517262,0.23535112,0.17103829,0.34007115,0.21961023,0.17580577,0.25098885,0.15557666,0.14562065,0.14958291,0.14419844,0.14655132,0.14329723,0.15588064,0.14669168,,0.14705672
82,0.39132259,0.53123428,0.31100277,0.25797387,0.20810657,0.17526301,0.29923813,0.20300555,0.16552129,0.37323834,0.23377238,0.17015429,0.33836240,0.21868805,0.17531965,0.25008684,0.15542798,0.14558201,0.14945983,0.14416479,0.14630646,0.14362496,0.15564189,0.14660148,,0.14687698
83,0.38978876,0.52984873,0.30977539,0.25701166,0.20752069,0.17493967,0.29833530,0.20248157,0.16524049,0.37130389,0.23222158,0.16928672,0.33668071,0.21778480,0.17484404,0.24920113,0.15528219,0.14554425,0.14933978,0.14413221,0.14610998,0.14462082,0.15540884,0.14651375,,0.14670044
84,0.38827682,0.52847352,0.30856874,0.25606896,0.20694636,0.17462252,0.29744588,0.20196673,0.16496530,0.36938399,0.23069769,0.16842967,0.33502549,0.21689986,0.17437865,0.24833126,0.15513920,0.14550731,0.14922268,0.14410067,0.14597653,0.14749894,0.15518118,0.14642830,,0.14652629
85,0.38678630,0.52710856,0.30738227,0.25514507,0.20638317,0.17431132,0.29656951,0.20146080,0.16469556,0.36748944,0.22920144,0.16759137,0.33339614,0.21603260,0.17392313,0.24747676,0.15499892,0.14547116,0.14910841,0.14407013,0.14578796,0.14992857,0.15495859,0.14634498,,0.14635581
86,0.38531674,0.52575373,0.30621545,0.25423935,0.20583073,0.17400589,0.29570589,0.20096350,0.16443110,0.36561750,0.22773130,0.16677150,0.33179212,0.21518244,0.17347712,0.24663721,0.15486126,0.14543575,0.14899690,0.14404056,0.14561037,0.15021027,0.15474081,0.14626376,,0.14619116
87,0.38386769,0.52440893,0.30506774,0.25335117,0.20528869,0.17370602,0.29485469,0.20047462,0.16417178,0.36376600,0.22628747,0.16597670,0.33021285,0.21434881,0.17304027,0.24581217,0.15472613,0.14540104,0.14888805,0.14401190,0.14537328,0.14602834,0.15452767,0.14618470,,0.14603387
88,0.38243872,0.52307407,0.30393865,0.25247995,0.20475668,0.17341155,0.29401562,0.19999391,0.16391745,0.36193342,0.22486853,0.16520549,0.32865778,0.21353119,0.17261225,0.24500124,0.15459345,0.14536698,0.14878179,0.14398414,0.14518697,0.14494499,0.15431909,0.14610789,,0.14588402
89,0.38102941,0.52174904,0.30282770,0.25162512,0.20423439,0.17312230,0.29318837,0.19952117,0.16366796,0.36011920,0.22347471,0.16446147,0.32712638,0.21272911,0.17219281,0.24420404,0.15446314,0.14533356,0.14867802,0.14395725,0.14502225,0.14396201,0.15411501,0.14603327,,0.14574050
90,0.37963934,0.52043374,0.30173442,0.25078615,0.20372150,0.17283811,0.29237268,0.19905617,0.16342318,0.35832283,0.22210446,0.16374998,0.32561809,0.21194214,0.17178169,0.24342018,0.15433513,0.14530074,0.14857667,0.14393118,0.14492841,0.14370017,0.15391533,0.14596068,,0.14560182
91,0.37826811,0.51912807,0.30065836,0.24996253,0.20321770,0.17255882,0.29156826,0.19859872,0.16318298,0.35654417,0.22075793,0.16307751,0.32413241,0.21116983,0.17137864,0.24264931,0.15420933,0.14526850,0.14847767,0.14390591,0.14489727,0.14350082,0.15371994,0.14588990,,0.14546709
92,0.37691533,0.51783195,0.29959909,0.24915377,0.20272273,0.17228429,0.29077486,0.19814861,0.16294723,0.35478297,0.21943300,0.16247282,0.32266883,0.21041177,0.17098341,0.24189109,0.15408568,0.14523683,0.14838095,0.14388141,0.14491472,0.14347903,0.15352868,0.14582074,,0.14533632
93,0.37558062,0.51654527,0.29855619,0.24835940,0.20223629,0.17201438,0.28999221,0.19770567,0.16271580,0.35303940,0.21812972,0.16181402,0.32122685,0.20966754,0.17059573,0.24114517,0.15396413,0.14520571,0.14828643,0.14385766,0.14487985,0.14347627,0.15334146,0.14575312,,0.14521020
94,0.37426362,0.51526793,0.29752924,0.24757898,0.20175815,0.17174894,0.28922008,0.19726970,0.16248859,0.35131353,0.21684585,0.16116611,0.31980602,0.20893672,0.17021537,0.24041124,0.15384460,0.14517514,0.14819406,0.14383463,0.14471237,0.14360398,0.15315817,0.14568706,,0.14508950
95,0.37296396,0.51399985,0.29651787,0.24681209,0.20128805,0.17148786,0.28845822,0.19684053,0.16226548,0.34960581,0.21558226,0.16050947,0.31840586,0.20821893,0.16984209,0.23968898,0.15372704,0.14514510,0.14810376,0.14381229,0.14449001,0.14378340,0.15297874,0.14562262,,0.14497451
96,0.37168129,0.51274094,0.29552168,0.24605832,0.20082575,0.17123102,0.28770640,0.19641799,0.16204636,0.34791491,0.21433761,0.15989392,0.31702595,0.20751380,0.16947572,0.23897810,0.15361140,0.14511558,0.14801549,0.14379062,0.14429507,0.14424440,0.15280308,0.14555985,,0.14486496
97,0.37041528,0.51149109,0.29454033,0.24531728,0.20037103,0.17097829,0.28696440,0.19600192,0.16183113,0.34623839,0.21311346,0.15929868,0.31566586,0.20682097,0.16911608,0.23827830,0.15349762,0.14508658,0.14792917,0.14376960,0.14415443,0.14480886,0.15263107,0.14549870,,0.14476020
98,0.36916559,0.51025023,0.29357344,0.24458860,0.19992368,0.17072957,0.28623200,0.19559216,0.16161968,0.34457297,0.21190879,0.15872058,0.31432515,0.20614011,0.16876301,0.23758931,0.15338566,0.14505808,0.14784475,0.14374921,0.14407679,0.14592830,0.15246257,0.14543911,,0.14465961
99,0.36793190,0.50901825,0.29262067,0.24387193,0.19948349,0.17048475,0.28550899,0.19518856,0.16141191,0.34292098,0.21072473,0.15815690,0.31300343,0.20547092,0.16841635,0.23691086,0.15327547,0.14503008,0.14776218,0.14372941,0.14402123,0.14632822,0.15229745,0.14538097,,0.14456290
100,0.36671388,0.50779509,0.29168171,0.24316693,0.19905026,0.17024372,0.28479518,0.19479096,0.16120774,0.34128415,0.20956005,0.15760609,0.31170028,0.20481306,0.16807591,0.23624269,0.15316701,0.14500256,0.14768140,0.14371020,0.14400401,0.14694416,0.15213562,0.14532424,,0.14447015
101,0.36551125,0.50658064,0.29075622,0.24247326,0.19862381,0.17000639,0.28409035,0.19439923,0.16100707,0.33966389,0.20841544,0.15707053,0.31041532,0.20416624,0.16774154,0.23558455,0.15306024,0.14497551,0.14760237,0.14369156,0.14395296,0.14580963,0.15197699,0.14526888,,0.14438166
102,0.36432368,0.50537482,0.28984389,0.24179061,0.19820395,0.16977268,0.28339433,0.19401322,0.16080982,0.33805954,0.20728957,0.15654917,0.30914817,0.20353016,0.16741308,0.23493620,0.15295512,0.14494892,0.14752504,0.14367346,0.14391569,0.14550377,0.15182149,0.14521487,,0.14429760
103,0.36315091,0.50417754,0.28894442,0.24111869,0.19779051,0.16954247,0.28270692,0.19363281,0.16061590,0.33647088,0.20618296,0.15604399,0.30789844,0.20290453,0.16709038,0.23429740,0.15285161,0.14492278,0.14744935,0.14365589,0.14384184,0.14462344,0.15166906,0.14516218,,0.14421792
104,0.36199263,0.50298873,0.28805752,0.24045720,0.19738332,0.16931570,0.28202794,0.19325786,0.16042522,0.33489726,0.20509420,0.15555391,0.30666577,0.20228908,0.16677332,0.23366792,0.15274968,0.14489707,0.14737527,0.14363883,0.14380462,0.14443424,0.15151961,0.14511076,,0.14414231
105,0.36084857,0.50180830,0.28718291,0.23980587,0.19698222,0.16909228,0.28135723,0.19288825,0.16023771,0.33333859,0.20402375,0.15507996,0.30544983,0.20168355,0.16646176,0.23304755,0.15264928,0.14487179,0.14730274,0.14362226,0.14377528,0.14409568,0.15137308,0.14506055,,0.14407040
106,0.35971847,0.50063616,0.28632031,0.23916442,0.19658706,0.16887212,0.28069460,0.19252386,0.16005330,0.33179450,0.20297000,0.15462217,0.30425026,0.20108769,0.16615556,0.23243607,0.15255039,0.14484693,0.14723173,0.14360616,0.14379321,0.14411408,0.15122938,0.14501151,,0.14400189
107,0.35860205,0.49947224,0.28546946,0.23853260,0.19619768,0.16865515,0.28003990,0.19216457,0.15987190,0.33026505,0.20193346,0.15418046,0.30306673,0.20050126,0.16585459,0.23183328,0.15245298,0.14482247,0.14716220,0.14359053,0.14381207,0.14404279,0.15108846,0.14496361,,0.14393666
108,0.35749907,0.49831645,0.28463010,0.23791017,0.19581395,0.16844130,0.27939297,0.19181027,0.15969345,0.32874991,0.20091243,0.15375822,0.30189894,0.19992403,0.16555871,0.23123898,0.15235700,0.14479841,0.14709411,0.14357535,0.14381433,0.14424853,0.15095026,0.14491684,,0.14387476
109,0.35640927,0.49716872,0.28380198,0.23729689,0.19543573,0.16823050,0.27875365,0.19146084,0.15951787,0.32724910,0.19990771,0.15334917,0.30074655,0.19935577,0.16526780,0.23065298,0.15226244,0.14477473,0.14702742,0.14356060,0.14375981,0.14435120,0.15081474,0.14487122,,0.14381627
110,0.35533241,0.49602897,0.28298485,0.23669252,0.19506288,0.16802267,0.27812179,0.19111618,0.15934510,0.32576176,0.19891781,0.15296167,0.29960926,0.19879628,0.16498174,0.23007509,0.15216925,0.14475143,0.14696208,0.14354626,0.14368294,0.14478898,0.15068182,0.14482672,,0.14376115
111,0.35426824,0.49489712,0.28217849,0.23609685,0.19469528,0.16781775,0.27749724,0.19077619,0.15917508,0.32428749,0.19794392,0.15256956,0.29848678,0.19824533,0.16470042,0.22950513,0.15207741,0.14472850,0.14689808,0.14353234,0.14360505,0.14496281,0.15055143,0.14478330,,0.14370925
112,0.35321654,0.49377310,0.28138265,0.23550966,0.19433281,0.16761567,0.27687986,0.19044077,0.15900774,0.32282506,0.19698477,0.15219182,0.29737881,0.19770273,0.16442372,0.22894292,0.15198690,0.14470593,0.14683536,0.14351880,0.14356513,0.14552163,0.15042351,0.14474091,,0.14366029
113,0.35217707,0.49265682,0.28059713,0.23493075,0.19397534,0.16741638,0.27626951,0.19010981,0.15884301,0.32137495,0.19604163,0.15180740,0.29628507,0.19716828,0.16415155,0.22838831,0.15189767,0.14468372,0.14677391,0.14350564,0.14354415,0.14539330,0.15029800,0.14469952,,0.14361403
114,0.35114963,0.49154821,0.27982170,0.23435992,0.19362276,0.16721981,0.27566606,0.18978323,0.15868085,0.31993708,0.19511321,0.15144011,0.29520528,0.19664179,0.16388380,0.22784111,0.15180971,0.14466185,0.14671368,0.14349286,0.14356049,0.14567868,0.15017484,0.14465910,,0.14357034
115,0.35013398,0.49044721,0.27905616,0.23379698,0.19327495,0.16702590,0.27506937,0.18946093,0.15852119,0.31851232,0.19420096,0.15108007,0.29413917,0.19612309,0.16362037,0.22730117,0.15172299,0.14464032,0.14665465,0.14348043,0.14356119,0.14515087,0.15005398,0.14461962,,0.14352917
116,0.34912992,0.48935373,0.27830029,0.23324173,0.19293182,0.16683460,0.27447932,0.18914283,0.15836398,0.31710042,0.19330358,0.15073571,0.29308648,0.19561200,0.16336116,0.22676834,0.15163749,0.14461913,0.14659678,0.14346834,0.14357268,0.14516554,0.14993537,0.14458107,,0.14349053
117,0.34813724,0.48826771,0.27755392,0.23269402,0.19259326,0.16664585,0.27389578,0.18882883,0.15820916,0.31570166,0.19242432,0.15040200,0.29204695,0.19510836,0.16310607,0.22624247,0.15155317,0.14459826,0.14654005,0.14345659,0.14354079,0.14468344,0.14981895,0.14454343,,0.14345438
118,0.34715574,0.48718907,0.27681683,0.23215366,0.19225916,0.16645960,0.27331864,0.18851885,0.15805668,0.31431556,0.19156055,0.15008139,0.29102033,0.19461200,0.16285503,0.22572341,0.15147001,0.14457771,0.14648443,0.14344516,0.14352891,0.14469622,0.14970468,0.14450669,,0.14342058
119,0.34618522,0.48611774,0.27608884,0.23162048,0.19192943,0.16627580,0.27274777,0.18821282,0.15790649,0.31294222,0.19072017,0.14977151,0.29000638,0.19412275,0.16260795,0.22521101,0.15138800,0.14455747,0.14642989,0.14343405,0.14350481,0.14442374,0.14959251,0.14447080,,0.14338896
120,0.34522550,0.48505365,0.27536978,0.23109433,0.19160398,0.16609439,0.27218305,0.18791064,0.15775854,0.31158122,0.18987998,0.14947354,0.28900487,0.19364047,0.16236475,0.22470515,0.15130710,0.14453755,0.14637640,0.14342325,0.14352116,0.14453888,0.14948240,0.14443576,,0.14335933
