epoch,adamw_cosine,adamw_constant,adam,adagrad,ademamix,schedule_free_adamw
1,0.66316364,0.66316364,0.66316364,0.44548894,0.66326786,0.66316364
2,0.39300024,0.39301668,0.39301668,0.30470896,0.39315501,0.31447476
3,0.28730865,0.28729991,0.28729991,0.24509952,0.28730634,0.21070799
4,0.22698197,0.22701194,0.22701194,0.21332008,0.22711035,0.18101541
5,0.22189443,0.22191112,0.22191112,0.19465049,0.22192706,0.15947923
6,0.20390347,0.20390478,0.20390478,0.18293538,0.20391257,0.15227471
7,0.20163277,0.20171431,0.20171431,0.17577336,0.20180513,0.14958569
8,0.22604869,0.22627300,0.22627300,0.16977338,0.22641601,0.14892682
9,0.24552597,0.24572799,0.24572799,0.16512871,0.24585876,0.14927899
10,0.24038536,0.24042274,0.24042274,0.16067008,0.24050554,0.14976411
11,0.22111788,0.22106418,0.22106418,0.15749532,0.22113648,0.15009981
12,0.21101545,0.21097819,0.21097819,0.15495634,0.21103603,0.15019251
13,0.20202819,0.20190580,0.20190580,0.15310461,0.20191074,0.15004270
14,0.19136780,0.19117399,0.19117399,0.15167701,0.19114190,0.14970073
15,0.18129770,0.18112106,0.18112106,0.15061505,0.18108541,0.14923491
16,0.17548936,0.17548889,0.17548889,0.14986221,0.17548631,0.14871320
17,0.17565227,0.17588662,0.17588662,0.14941822,0.17592305,0.14819291
18,0.17794759,0.17820868,0.17820868,0.14933576,0.17825055,0.14771552
19,0.17702887,0.17703348,0.17703348,0.14954234,0.17705693,0.14730516
20,0.17199064,0.17172761,0.17172761,0.14998047,0.17174212,0.14697000
21,0.16643338,0.16618585,0.16618585,0.14998832,0.16621353,0.14670544
22,0.16286153,0.16273549,0.16273549,0.14969536,0.16277640,0.14649850
23,0.15965849,0.15940394,0.15940394,0.14875180,0.15944117,0.14633234
24,0.15481129,0.15427223,0.15427223,0.14793634,0.15430383,0.14619016
25,0.14935431,0.14877099,0.14877099,0.14713420,0.14881550,0.14605805
26,0.14575432,0.14545550,0.14545550,0.14658891,0.14552165,0.14592635
27,0.14444561,0.14433267,0.14433267,0.14617054,0.14439681,0.14578993
28,0.14339913,0.14309727,0.14309727,0.14588140,0.14312414,0.14564743
29,0.14169197,0.14133911,0.14133911,0.14566462,0.14132547,0.14550016
30,0.14072402,0.14067826,0.14067826,0.14550336,0.14066864,0.14535086
31,0.14068724,0.14074866,0.14074866,0.14537777,0.14075681,0.14520266
32,0.14037965,0.14028888,0.14028888,0.14527817,0.14029342,0.14505838
33,0.13967039,0.13962642,0.13962642,0.14519725,0.13962692,0.14492009
34,0.13957367,0.13991048,0.13991048,0.14513015,0.13991994,0.14478902
35,0.14042407,0.14098025,0.14098025,0.14507374,0.14099246,0.14466564
36,0.14121279,0.14149926,0.14149926,0.14502550,0.14150189,0.14454982
37,0.14110462,0.14101718,0.14101718,0.14498386,0.14102289,0.14444103
38,0.14045552,0.14028216,0.14028216,0.14494741,0.14030718,0.14433855
39,0.13989267,0.13971865,0.13971865,0.14491527,0.13974724,0.14424161
40,0.13937346,0.13903911,0.13903911,0.14488661,0.13904364,0.14414950
41,0.13870818,0.13835909,0.13835909,0.14486086,0.13834283,0.14406163
42,0.13825944,0.13826954,0.13826954,0.14483751,0.13826121,0.14397751
43,0.13835149,0.13853159,0.13853159,0.14481621,0.13854029,0.14389678
44,0.13850585,0.13832651,0.13832651,0.14479660,0.13833908,0.14381917
45,0.13823331,0.13789829,0.13789829,0.14477845,0.13791310,0.14374448
46,0.13791737,0.13790061,0.13790061,0.14476152,0.13791640,0.14367253
47,0.13794789,0.13799617,0.13799617,0.14474565,0.13799607,0.14360317
48,0.13799794,0.13779088,0.13779088,0.14473067,0.13777351,0.14353625
49,0.13779848,0.13759604,0.13759604,0.14471646,0.13758352,0.14347162
50,0.13758697,0.13751061,0.13751061,0.14470292,0.13750915,0.14340910
51,0.13748733,0.13728285,0.13728285,0.14468995,0.13727904,0.14334855
52,0.13731792,0.13709931,0.13709931,0.14467748,0.13709103,0.14328977
53,0.13711683,0.13722460,0.13722460,0.14466544,0.13721796,0.14323267
54,0.13712014,0.13738562,0.13738562,0.14465378,0.13737821,0.14317693
55,0.13726678,0.13732734,0.13732734,0.14464245,0.13731680,0.14312285
56,0.13730931,0.13720664,0.13720664,0.14463140,0.13719706,0.14306928
57,0.13722079,0.13716615,0.13716615,0.14462062,0.13715753,0.14301978
58,0.13714623,0.13711190,0.13711190,0.14461006,0.13709800,0.14297196
59,0.13712086,0.13702308,0.13702308,0.14459970,0.13700449,0.14299199
60,0.13707042,0.13697409,0.13697409,0.14458952,0.13695834,0.14331901
61,0.13699496,0.13689180,0.13689180,0.14457950,0.13687905,0.14463844
62,0.13694351,0.13673544,0.13673544,0.14456963,0.13671981,0.14352456
63,0.13688505,0.13666144,0.13666144,0.14455989,0.13664185,0.14313990
64,0.13678113,0.13669889,0.13669889,0.14455026,0.13667627,0.14284771
65,0.13669623,0.13668153,0.13668153,0.14454075,0.13665583,0.14289134
66,0.13669004,0.13659908,0.13659908,0.14453133,0.13657313,0.14286411
67,0.13670237,0.13653606,0.13653606,0.14452201,0.13651148,0.14287805
68,0.13666511,0.13646818,0.13646818,0.14451277,0.13644222,0.14288311
69,0.13660678,0.13640447,0.13640447,0.14450361,0.13637628,0.14289296
70,0.13656414,0.13637515,0.13637515,0.14449453,0.13634667,0.14290133
71,0.13652196,0.13631743,0.13631743,0.14448552,0.13628756,0.14290884
72,0.13647620,0.13623003,0.13623003,0.14447657,0.13619643,0.14291426
73,0.13644468,0.13619332,0.13619332,0.14446769,0.13615637,0.14291720
74,0.13641531,0.13618749,0.13618749,0.14445886,0.13614836,0.14291721
75,0.13636650,0.13615186,0.13615186,0.14445010,0.13611186,0.14291403
76,0.13631623,0.13610111,0.13610111,0.14444138,0.13606174,0.14290750
77,0.13629117,0.13605167,0.13605167,0.14443273,0.13601174,0.14289755
78,0.13627966,0.13600080,0.13600080,0.14442412,0.13595816,0.14288422
79,0.13625661,0.13596795,0.13596795,0.14441556,0.13592320,0.14286757
80,0.13622205,0.13594073,0.13594073,0.14440705,0.13589471,0.14284773
81,0.13618775,0.13589145,0.13589145,0.14439858,0.13584363,0.14282489
82,0.13615434,0.13584599,0.13584599,0.14439017,0.13579665,0.14279923
83,0.13612058,0.13581763,0.13581763,0.14438179,0.13576717,0.14277097
84,0.13609191,0.13577712,0.13577712,0.14437346,0.13572529,0.14274034
85,0.13606776,0.13572685,0.13572685,0.14436517,0.13567379,0.14270753
86,0.13603989,0.13568456,0.13568456,0.14435692,0.13563003,0.14267278
87,0.13600811,0.13564741,0.13564741,0.14434871,0.13559082,0.14263627
88,0.13598063,0.13561634,0.13561634,0.14434054,0.13555833,0.14259819
89,0.13595826,0.13558496,0.13558496,0.14433241,0.13552613,0.14255869
90,0.13593344,0.13554333,0.13554333,0.14432432,0.13548319,0.14251790
91,0.13590378,0.13550542,0.13550542,0.14431626,0.13544387,0.14247595
92,0.13587426,0.13547596,0.13547596,0.14430825,0.13541324,0.14243290
93,0.13584780,0.13544111,0.13544111,0.14430026,0.13537716,0.14238883
94,0.13582325,0.13540475,0.13540475,0.14429232,0.13533970,0.14234379
95,0.13580012,0.13537409,0.13537409,0.14428441,0.13530778,0.14229781
96,0.13577844,0.13534330,0.13534330,0.14427653,0.13527556,0.14225089
97,0.13575643,0.13531100,0.13531100,0.14426869,0.13524217,0.14220305
98,0.13573277,0.13527715,0.13527715,0.14426088,0.13520726,0.14215428
99,0.13570910,0.13524273,0.13524273,0.14425310,0.13517141,0.14210457
100,0.13568731,0.13521279,0.13521279,0.14424536,0.13514007,0.14205391
101,0.13566652,0.13518311,0.13518311,0.14423764,0.13510894,0.14200230
102,0.13564503,0.13515006,0.13515006,0.14422996,0.13507404,0.14194973
103,0.13562323,0.13511948,0.13511948,0.14422231,0.13504128,0.14189619
104,0.13560257,0.13509054,0.13509054,0.14421469,0.13501001,0.14184171
105,0.13558316,0.13505977,0.13505977,0.14420710,0.13497681,0.14178627
106,0.13556407,0.13502982,0.13502982,0.14419954,0.13494400,0.14172992
107,0.13554486,0.13500175,0.13500175,0.14419201,0.13491247,0.14167266
108,0.13552570,0.13497503,0.13497503,0.14418451,0.13488211,0.14161454
109,0.13550664,0.13494892,0.13494892,0.14417704,0.13485234,0.14155559
110,0.13548771,0.13492265,0.13492265,0.14416959,0.13482217,0.14149586
111,0.13546928,0.13489812,0.13489812,0.14416217,0.13479383,0.14143540
112,0.13545162,0.13487459,0.13487459,0.14415478,0.13476687,0.14137426
113,0.13543447,0.13485008,0.13485008,0.14414742,0.13473905,0.14131251
114,0.13541736,0.13482660,0.13482660,0.14414008,0.13471231,0.14125021
115,0.13540028,0.13480424,0.13480424,0.14413277,0.13468698,0.14118742
116,0.13538357,0.13478126,0.13478126,0.14412548,0.13466143,0.14112421
117,0.13536734,0.13475851,0.13475851,0.14411822,0.13463625,0.14106066
118,0.13535137,0.13473638,0.13473638,0.14411098,0.13461182,0.14099683
119,0.13533549,0.13471441,0.13471441,0.14410377,0.13458792,0.14093279
120,0.13531978,0.13469244,0.13469244,0.14409658,0.13456424,0.14086863
121,0.13530441,0.13467049,0.13467049,0.14408941,0.13454062,0.14080440
122,0.13528943,0.13464899,0.13464899,0.14408227,0.13451761,0.14074018
123,0.13527478,0.13462735,0.13462735,0.14407515,0.13449464,0.14067604
124,0.13526044,0.13460543,0.13460543,0.14406805,0.13447130,0.14061204
125,0.13524642,0.13458413,0.13458413,0.14406098,0.13444852,0.14054827
126,0.13523267,0.13456299,0.13456299,0.14405392,0.13442596,0.14048477
127,0.13521917,0.13454171,0.13454171,0.14404689,0.13440322,0.14042162
128,0.13520597,0.13452080,0.13452080,0.14403988,0.13438079,0.14035887
129,0.13519313,0.13449998,0.13449998,0.14403289,0.13435853,0.14029656
130,0.13518066,0.13447912,0.13447912,0.14402592,0.13433627,0.14023476
131,0.13516852,0.13445844,0.13445844,0.14401897,0.13431414,0.14017351
132,0.13515668,0.13443793,0.13443793,0.14401204,0.13429221,0.14011284
133,0.13514513,0.13441745,0.13441745,0.14400513,0.13427040,0.14005278
134,0.13513391,0.13439688,0.13439688,0.14399823,0.13424848,0.13999337
135,0.13512303,0.13437647,0.13437647,0.14399136,0.13422672,0.13993463
136,0.13511247,0.13435615,0.13435615,0.14398450,0.13420512,0.13987656
137,0.13510220,0.13433576,0.13433576,0.14397767,0.13418345,0.13981918
138,0.13509221,0.13431551,0.13431551,0.14397085,0.13416192,0.13976249
139,0.13508252,0.13429527,0.13429527,0.14396404,0.13414047,0.13970649
140,0.13507311,0.13427496,0.13427496,0.14395726,0.13411897,0.13965116
141,0.13506399,0.13425476,0.13425476,0.14395049,0.13409756,0.13959649
142,0.13505516,0.13423463,0.13423463,0.14394374,0.13407623,0.13954247
143,0.13504659,0.13421451,0.13421451,0.14393700,0.13405493,0.13948906
144,0.13503828,0.13419446,0.13419446,0.14393028,0.13403368,0.13943624
145,0.13503022,0.13417449,0.13417449,0.14392357,0.13401252,0.13938398
146,0.13502239,0.13415459,0.13415459,0.14391688,0.13399145,0.13933225
147,0.13501479,0.13413474,0.13413474,0.14391020,0.13397043,0.13928100
148,0.13500741,0.13411502,0.13411502,0.14390354,0.13394953,0.13923021
149,0.13500025,0.13409536,0.13409536,0.14389690,0.13392870,0.13917983
150,0.13499329,0.13407576,0.13407576,0.14389026,0.13390794,0.13912981
151,0.13498654,0.13405629,0.13405629,0.14388364,0.13388731,0.13908013
152,0.13497996,0.13403688,0.13403688,0.14387704,0.13386677,0.13903075
153,0.13497357,0.13401755,0.13401755,0.14387044,0.13384632,0.13898161
154,0.13496735,0.13399833,0.13399833,0.14386386,0.13382597,0.13893269
155,0.13496130,0.13397918,0.13397918,0.14385729,0.13380572,0.13888396
156,0.13495541,0.13396010,0.13396010,0.14385074,0.13378555,0.13883536
157,0.13494968,0.13394111,0.13394111,0.14384419,0.13376549,0.13878688
158,0.13494409,0.13392220,0.13392220,0.14383766,0.13374552,0.13873847
159,0.13493865,0.13390335,0.13390335,0.14383114,0.13372563,0.13869012
160,0.13493334,0.13388460,0.13388460,0.14382463,0.13370583,0.13864179
161,0.13492816,0.13386593,0.13386593,0.14381813,0.13368613,0.13859347
162,0.13492311,0.13384733,0.13384733,0.14381164,0.13366652,0.13854512
163,0.13491818,0.13382882,0.13382882,0.14380516,0.13364700,0.13849672
164,0.13491337,0.13381039,0.13381039,0.14379869,0.13362758,0.13844827
165,0.13490868,0.13379205,0.13379205,0.14379223,0.13360824,0.13839974
166,0.13490409,0.13377380,0.13377380,0.14378578,0.13358900,0.13835113
167,0.13489961,0.13375563,0.13375563,0.14377934,0.13356986,0.13830241
168,0.13489523,0.13373756,0.13373756,0.14377291,0.13355081,0.13825358
169,0.13489095,0.13371958,0.13371958,0.14376649,0.13353186,0.13820464
170,0.13488677,0.13370170,0.13370170,0.14376008,0.13351301,0.13815557
171,0.13488267,0.13368390,0.13368390,0.14375368,0.13349426,0.13810637
172,0.13487867,0.13366620,0.13366620,0.14374728,0.13347561,0.13805705
173,0.13487474,0.13364860,0.13364860,0.14374089,0.13345707,0.13800759
174,0.13487090,0.13363109,0.13363109,0.14373451,0.13343862,0.13795800
175,0.13486713,0.13361368,0.13361368,0.14372814,0.13342027,0.13790828
176,0.13486344,0.13359636,0.13359636,0.14372177,0.13340202,0.13785843
177,0.13485982,0.13357914,0.13357914,0.14371542,0.13338387,0.13780845
178,0.13485627,0.13356202,0.13356202,0.14370907,0.13336582,0.13775835
179,0.13485278,0.13354499,0.13354499,0.14370272,0.13334786,0.13770814
180,0.13484935,0.13352806,0.13352806,0.14369639,0.13333001,0.13765781
181,0.13484598,0.13351122,0.13351122,0.14369006,0.13331225,0.13760738
182,0.13484266,0.13349447,0.13349447,0.14368373,0.13329458,0.13755684
183,0.13483940,0.13347782,0.13347782,0.14367741,0.13327701,0.13750621
184,0.13483618,0.13346127,0.13346127,0.14367110,0.13325954,0.13745550
185,0.13483301,0.13344481,0.13344481,0.14366480,0.13324215,0.13740471
186,0.13482988,0.13342845,0.13342845,0.14365850,0.13322487,0.13735384
187,0.13482680,0.13341219,0.13341219,0.14365220,0.13320767,0.13730291
188,0.13482374,0.13339602,0.13339602,0.14364591,0.13319057,0.13725193
189,0.13482072,0.13337994,0.13337994,0.14363963,0.13317356,0.13720089
190,0.13481773,0.13336397,0.13336397,0.14363335,0.13315664,0.13714982
191,0.13481477,0.13334809,0.13334809,0.14362708,0.13313982,0.13709870
192,0.13481183,0.13333230,0.13333230,0.14362081,0.13312308,0.13704756
193,0.13480890,0.13331661,0.13331661,0.14361455,0.13310644,0.13699640
194,0.13480600,0.13330102,0.13330102,0.14360829,0.13308988,0.13694522
195,0.13480311,0.13328552,0.13328552,0.14360204,0.13307341,0.13689403
196,0.13480023,0.13327011,0.13327011,0.14359579,0.13305704,0.13684284
197,0.13479736,0.13325480,0.13325480,0.14358954,0.13304074,0.13679165
198,0.13479449,0.13323959,0.13323959,0.14358330,0.13302454,0.13674046
199,0.13479162,0.13322446,0.13322446,0.14357706,0.13300842,0.13668927
200,0.13478875,0.13320943,0.13320943,0.14357083,0.13299238,0.13663810
