epoch,baseline,adam_reproduction,adam_regularized,sgd_control
1,0.68495611,0.66737935,0.66744335,0.67420865
2,0.67698526,0.64439103,0.64465138,0.65644304
3,0.66922766,0.62330401,0.62389467,0.63976390
4,0.66167658,0.60299911,0.60405441,0.62409069
5,0.65432543,0.58327374,0.58492707,0.60934869
6,0.64716783,0.56439954,0.56678183,0.59546880
7,0.64019760,0.54662766,0.54986576,0.58238725
8,0.63340872,0.53006095,0.53427599,0.57004529
9,0.62679539,0.51463769,0.51994345,0.55838887
10,0.62035195,0.50018194,0.50668334,0.54736829
11,0.61407297,0.48651238,0.49430420,0.53693788
12,0.60795317,0.47352890,0.48269492,0.52705570
13,0.60198743,0.46121586,0.47182857,0.51768317
14,0.59617084,0.44959489,0.46171560,0.50878488
15,0.59049863,0.43867795,0.45235722,0.50032825
16,0.58496619,0.42844091,0.44371931,0.49228332
17,0.57956908,0.41882084,0.43572985,0.48462254
18,0.57430300,0.40973356,0.42829679,0.47732052
19,0.56916381,0.40110033,0.42133529,0.47035387
20,0.56414751,0.39286759,0.41478768,0.46370104
21,0.55925023,0.38501029,0.40862688,0.45734212
22,0.55446826,0.37752211,0.40284608,0.45125876
23,0.54979799,0.37040094,0.39744374,0.44543397
24,0.54523596,0.36363745,0.39241148,0.43985204
25,0.54077881,0.35721061,0.38772914,0.43449845
26,0.53642332,0.35109051,0.38336760,0.42935973
27,0.53216638,0.34524608,0.37929656,0.42442338
28,0.52800497,0.33965283,0.37549245,0.41967782
29,0.52393619,0.33429665,0.37194210,0.41511227
30,0.51995725,0.32917242,0.36864090,0.41071674
31,0.51606545,0.32427912,0.36558739,0.40648191
32,0.51225817,0.31961434,0.36277745,0.40239909
33,0.50853290,0.31517082,0.36020086,0.39846021
34,0.50488722,0.31093607,0.35784130,0.39465772
35,0.50131878,0.30689475,0.35567923,0.39098458
36,0.49782532,0.30303197,0.35369582,0.38743421
37,0.49440465,0.29933595,0.35187568,0.38400044
38,0.49105468,0.29579865,0.35020748,0.38067751
39,0.48777336,0.29241461,0.34868247,0.37746003
40,0.48455872,0.28917890,0.34729224,0.37434293
41,0.48140888,0.28608522,0.34602689,0.37132145
42,0.47832199,0.28312520,0.34487459,0.36839115
43,0.47529629,0.28028892,0.34382253,0.36554781
44,0.47233006,0.27756622,0.34285856,0.36278750
45,0.46942165,0.27494812,0.34197268,0.36010650
46,0.46656947,0.27242755,0.34115761,0.35750132
47,0.46377196,0.26999925,0.34040823,0.35496865
48,0.46102765,0.26765906,0.33972055,0.35250538
49,0.45833507,0.26540294,0.33909062,0.35010859
50,0.45569284,0.26322643,0.33851391,0.34777548
51,0.45309962,0.26112456,0.33798552,0.34550344
52,0.45055408,0.25909220,0.33750070,0.34328999
53,0.44805498,0.25712466,0.33705552,0.34113278
54,0.44560108,0.25521810,0.33664711,0.33902957
55,0.44319122,0.25336960,0.33627354,0.33697826
56,0.44082424,0.25157696,0.33593329,0.33497685
57,0.43849903,0.24983827,0.33562470,0.33302344
58,0.43621454,0.24815152,0.33534570,0.33111622
59,0.43396971,0.24651447,0.33509379,0.32925348
60,0.43176354,0.24492472,0.33486637,0.32743359
61,0.42959506,0.24337988,0.33466104,0.32565499
62,0.42746333,0.24187784,0.33447582,0.32391622
63,0.42536744,0.24041681,0.33430914,0.32221586
64,0.42330649,0.23899534,0.33415963,0.32055257
65,0.42127963,0.23761213,0.33402591,0.31892508
66,0.41928604,0.23626588,0.33390648,0.31733217
67,0.41732490,0.23495517,0.33379970,0.31577267
68,0.41539543,0.23367850,0.33370399,0.31424547
69,0.41349688,0.23243432,0.33361797,0.31274952
70,0.41162851,0.23122115,0.33354053,0.31128378
71,0.40978961,0.23003770,0.33347086,0.30984730
72,0.40797948,0.22888280,0.33340832,0.30843915
73,0.40619746,0.22775543,0.33335231,0.30705843
74,0.40444290,0.22665461,0.33330218,0.30570429
75,0.40271515,0.22557934,0.33325730,0.30437592
76,0.40101362,0.22452862,0.33321705,0.30307253
77,0.39933769,0.22350144,0.33318094,0.30179338
78,0.39768681,0.22249684,0.33314861,0.30053773
79,0.39606039,0.22151395,0.33311978,0.29930491
80,0.39445790,0.22055198,0.33309425,0.29809425
81,,,0.33307177,
82,,,0.33305207,
83,,,0.33303482,
84,,,0.33301974,
85,,,0.33300658,
86,,,0.33299514,
87,,,0.33298526,
88,,,0.33297679,
89,,,0.33296955,
90,,,0.33296337,
91,,,0.33295809,
92,,,0.33295354,
93,,,0.33294962,
94,,,0.33294626,
95,,,0.33294339,
96,,,0.33294095,
97,,,0.33293888,
98,,,0.33293712,
99,,,0.33293563,
100,,,0.33293435,
