epoch,adamw,ademamix_no_warmups,ademamix_warmup_45,ademamix_warmup_120,sgd_momentum
1,0.47207325,0.47212014,0.47212002,0.47211983,0.45138924
2,0.17099018,0.17095453,0.17094242,0.17094265,0.31817089
3,0.14505955,0.14507307,0.14506476,0.14506496,0.21575636
4,0.16968090,0.16972950,0.16975822,0.16975803,0.15295660
5,0.15878500,0.15881083,0.15886879,0.15886827,0.11911535
6,0.12789827,0.12788955,0.12794923,0.12794868,0.10276738
7,0.10498279,0.10497643,0.10502160,0.10502114,0.09590468
8,0.10356604,0.10361072,0.10365896,0.10365821,0.09417822
9,0.11724574,0.11734451,0.11744135,0.11743958,0.09554112
10,0.13078561,0.13090236,0.13108996,0.13108646,0.09865112
11,0.13579178,0.13589550,0.13619831,0.13619260,0.10230953
12,0.13218380,0.13226357,0.13268925,0.13268104,0.10580307
13,0.12402685,0.12409044,0.12463180,0.12462109,0.10907604
14,0.11598443,0.11604815,0.11668794,0.11667494,0.11228106
15,0.11148299,0.11156354,0.11228473,0.11226972,0.11527663
16,0.11195493,0.11206260,0.11286890,0.11285172,0.11773735
17,0.11529742,0.11541934,0.11631881,0.11629928,0.11958994
18,0.11706485,0.11717140,0.11813367,0.11811246,0.12100763
19,0.11460938,0.11467980,0.11564428,0.11562271,0.12205826
20,0.10876214,0.10879825,0.10969986,0.10967931,0.12264519
21,0.10266182,0.10268587,0.10347599,0.10345757,0.12275422
22,0.09939713,0.09943839,0.10009068,0.10007524,0.12253053
23,0.09995851,0.10003276,0.10053394,0.10052221,0.12207103
24,0.10268361,0.10277629,0.10312795,0.10312003,0.12130843
25,0.10468996,0.10476411,0.10499086,0.10498567,0.12018804
26,0.10435078,0.10438601,0.10449982,0.10449659,0.11881128
27,0.10242664,0.10244124,0.10245022,0.10244922,0.11730871
28,0.10061882,0.10064292,0.10062609,0.10062638,0.11569615
29,0.09986573,0.09991129,0.10001342,0.10001181,0.11393438
30,0.10013263,0.10019314,0.10052115,0.10051451,0.11204509
31,0.10083815,0.10090087,0.10143334,0.10142153,0.11010253
32,0.10117828,0.10123135,0.10182767,0.10181388,0.10815246
33,0.10056521,0.10060163,0.10111685,0.10110465,0.10619970
34,0.09911888,0.09914131,0.09955737,0.09954710,0.10426682
35,0.09764715,0.09766793,0.09811000,0.09809827,0.10241287
36,0.09698985,0.09702236,0.09763496,0.09761796,0.10068637
37,0.09735367,0.09740236,0.09821913,0.09819611,0.09910005
38,0.09823410,0.09829217,0.09922740,0.09920077,0.09766624
39,0.09887074,0.09892591,0.09986828,0.09984097,0.09642903
40,0.09879073,0.09883385,0.09974143,0.09971443,0.09544179
41,0.09807589,0.09810711,0.09903382,0.09900556,0.09472676
42,0.09723085,0.09725909,0.09830680,0.09827453,0.09427524
43,0.09677495,0.09681060,0.09804428,0.09800639,0.09407495
44,0.09685315,0.09689926,0.09828290,0.09824050,0.09411146
45,0.09716520,0.09721484,0.09862295,0.09857946,0.09434287
46,0.09727294,0.09731551,0.09861823,0.09858056,0.09469578
47,0.09699023,0.09702080,0.09817933,0.09815160,0.09509175
48,0.09648777,0.09651018,0.09759041,0.09757321,0.09546393
49,0.09607166,0.09609346,0.09719940,0.09718981,0.09575191
50,0.09591134,0.09593711,0.09712984,0.09712319,0.09590659
51,0.09596181,0.09599097,0.09725185,0.09724517,0.09591159
52,0.09606617,0.09609526,0.09734268,0.09733738,0.09578679
53,0.09607973,0.09610512,0.09725186,0.09725268,0.09556715
54,0.09593559,0.09595516,0.09698531,0.09699608,0.09528790
55,0.09567030,0.09568474,0.09669123,0.09671269,0.09498635
56,0.09540424,0.09541716,0.09653551,0.09656907,0.09469978
57,0.09525318,0.09526841,0.09654628,0.09659889,0.09445407
58,0.09522791,0.09524583,0.09658806,0.09667052,0.09425972
59,0.09522707,0.09524413,0.09650666,0.09662612,0.09411895
60,0.09513935,0.09515180,0.09628906,0.09644481,0.09403047
61,0.09495166,0.09495949,0.09606732,0.09625464,0.09398757
62,0.09475420,0.09476120,0.09596964,0.09618659,0.09397823
63,0.09464388,0.09465369,0.09598528,0.09623396,0.09399065
64,0.09462988,0.09464244,0.09598887,0.09627097,0.09401656
65,0.09463530,0.09464732,0.09588709,0.09620092,0.09404919
66,0.09458241,0.09459106,0.09571254,0.09605561,0.09408110
67,0.09446502,0.09447063,0.09556575,0.09593768,0.09410602
68,0.09433862,0.09434363,0.09549279,0.09589270,0.09412102
69,0.09425460,0.09426058,0.09544400,0.09586568,0.09412538
70,0.09421452,0.09422086,0.09534456,0.09577779,0.09411873
71,0.09418209,0.09418722,0.09518149,0.09561989,0.09410114
72,0.09412588,0.09412904,0.09500877,0.09545368,0.09407422
73,0.09404535,0.09404696,0.09487679,0.09533016,0.09404055
74,0.09396218,0.09396296,0.09477783,0.09523318,0.09400224
75,0.09389551,0.09389573,0.09466731,0.09511225,0.09396102
76,0.09384723,0.09384678,0.09452141,0.09494916,0.09391906
77,0.09380507,0.09380377,0.09435828,0.09477170,0.09387883
78,0.09375441,0.09375203,0.09420843,0.09460986,0.09384214
79,0.09368895,0.09368518,0.09407740,0.09445756,0.09380973
80,0.09361499,0.09360981,0.09394240,0.09428511,0.09378198
81,0.09354595,0.09353984,0.09378350,0.09408188,0.09375921
82,0.09348943,0.09348291,0.09360957,0.09387045,0.09374126
83,0.09343898,0.09343194,0.09344522,0.09367378,0.09372733
84,0.09338116,0.09337301,0.09329768,0.09348547,0.09371639
85,0.09331101,0.09330145,0.09315006,0.09328485,0.09370753
86,0.09323734,0.09322680,0.09298753,0.09306964,0.09369980
87,0.09317159,0.09316064,0.09281802,0.09285822,0.09369209
88,0.09311446,0.09310312,0.09265988,0.09266259,0.09368349
89,0.09305645,0.09304426,0.09251618,0.09247477,0.09367351
90,0.09299000,0.09297670,0.09237326,0.09228524,0.09366193
91,0.09291774,0.09290354,0.09222439,0.09210075,0.09364864
92,0.09284774,0.09283299,0.09208021,0.09193241,0.09363362
93,0.09278340,0.09276814,0.09195079,0.09177671,0.09361712
94,0.09272041,0.09270446,0.09183012,0.09162124,0.09359955
95,0.09265310,0.09263638,0.09170679,0.09146310,0.09358129
96,0.09258110,0.09256375,0.09158144,0.09131087,0.09356267
97,0.09250878,0.09249097,0.09146374,0.09117080,0.09354400
98,0.09243953,0.09242132,0.09135641,0.09104039,0.09352561
99,0.09237225,0.09235367,0.09125267,0.09091658,0.09350763
100,0.09230351,0.09228465,0.09114907,0.09080221,0.09349010
101,0.09223182,0.09221275,0.09105058,0.09069992,0.09347303
102,0.09215892,0.09213971,0.09096092,0.09060535,0.09345639
103,0.09208729,0.09206805,0.09087601,0.09051154,0.09344009
104,0.09201704,0.09199790,0.09079078,0.09041766,0.09342397
105,0.09194599,0.09192707,0.09070651,0.09032860,0.09340790
106,0.09187246,0.09185381,0.09062705,0.09024722,0.09339174
107,0.09179716,0.09177886,0.09055197,0.09017190,0.09337539
108,0.09172190,0.09170408,0.09047802,0.09010142,0.09335876
109,0.09164710,0.09162986,0.09040494,0.09003688,0.09334179
110,0.09157135,0.09155477,0.09033532,0.08997762,0.09332444
111,0.09149340,0.09147755,0.09026975,0.08991938,0.09330672
112,0.09141355,0.09139851,0.09020609,0.08985877,0.09328864
113,0.09133274,0.09131857,0.09014331,0.08979643,0.09327021
114,0.09125094,0.09123770,0.09008296,0.08973428,0.09325149
115,0.09116715,0.09115492,0.09002618,0.08967190,0.09323252
116,0.09108063,0.09106951,0.08997192,0.08960747,0.09321335
117,0.09099156,0.09098161,0.08991900,0.08954001,0.09319401
118,0.09090038,0.09089163,0.08986797,0.08946904,0.09317453
119,0.09080706,0.09079955,0.08981958,0.08939351,0.09315494
120,0.09071109,0.09070493,0.08977318,0.08931265,0.09313524
