epoch,adam,adam_beta1_0
1,0.59054797,0.59054797
2,0.49863984,0.51202406
3,0.43415779,0.45263668
4,0.38798190,0.40883282
5,0.34881516,0.37534160
6,0.31596110,0.34883793
7,0.29007361,0.32735140
8,0.26992199,0.30957629
9,0.25328468,0.29463510
10,0.23874623,0.28189644
11,0.22610700,0.27090586
12,0.21563038,0.26132245
13,0.20735473,0.25288982
14,0.20088330,0.24540941
15,0.19556883,0.23872660
16,0.19084464,0.23271843
17,0.18643032,0.22728640
18,0.18231218,0.22235039
19,0.17859236,0.21784471
20,0.17534119,0.21371494
21,0.17252903,0.20991557
22,0.17004699,0.20640831
23,0.16777751,0.20316062
24,0.16565712,0.20014473
25,0.16369256,0.19733672
26,0.16193051,0.19471597
27,0.16040934,0.19226448
28,0.15912455,0.18996657
29,0.15802485,0.18780844
30,0.15703594,0.18577795
31,0.15609406,0.18386431
32,0.15516893,0.18205797
33,0.15426559,0.18035039
34,0.15340846,0.17873393
35,0.15262003,0.17720171
36,0.15190653,0.17574756
37,0.15125688,0.17436590
38,0.15065229,0.17305166
39,0.15007852,0.17180025
40,0.14953268,0.17060749
41,0.14902154,0.16946955
42,0.14855365,0.16838297
43,0.14813131,0.16734452
44,0.14774733,0.16635128
45,0.14738808,0.16540055
46,0.14704014,0.16448983
47,0.14669629,0.16361684
48,0.14635734,0.16277943
49,0.14602943,0.16197565
50,0.14571905,0.16120367
51,0.14542903,0.16046178
52,0.14515757,0.15974842
53,0.14490023,0.15906211
54,0.14465301,0.15840148
55,0.14441443,0.15776525
56,0.14418542,0.15715223
57,0.14396765,0.15656128
58,0.14376152,0.15599136
59,0.14356537,0.15544149
60,0.14337621,0.15491073
61,0.14319130,0.15439822
62,0.14300950,0.15390314
63,0.14283153,0.15342471
64,0.14265908,0.15296221
65,0.14249361,0.15251496
66,0.14233540,0.15208230
67,0.14218361,0.15166362
68,0.14203692,0.15125836
69,0.14189433,0.15086595
70,0.14175556,0.15048588
71,0.14162085,0.15011765
72,0.14149049,0.14976082
73,0.14136434,0.14941493
74,0.14124184,0.14907958
75,0.14112231,0.14875435
76,0.14100532,0.14843890
77,0.14089091,0.14813285
78,0.14077942,0.14783590
79,0.14067122,0.14754771
80,0.14056640,0.14726801
81,0.14046475,0.14699653
82,0.14036585,0.14673303
83,0.14026936,0.14647729
84,0.14017511,0.14622913
85,0.14008313,0.14598840
86,0.13999347,0.14575500
87,0.13990610,0.14552886
88,0.13982091,0.14531002
89,0.13973770,0.14509858
90,0.13965636,0.14489476
91,0.13957687,0.14469894
92,0.13949928,0.14451169
93,0.13942366,0.14433388
94,0.13934997,0.14416669
95,0.13927813,0.14401184
96,0.13920798,0.14387155
97,0.13913943,0.14374899
98,0.13907241,0.14364797
99,0.13900692,0.14357381
100,0.13894295,0.14353228
101,0.13888049,0.14353081
102,0.13881946,0.14357561
103,0.13875983,0.14367302
104,0.13870153,0.14382270
105,0.13864456,0.14401946
106,0.13858891,0.14424220
107,0.13853456,0.14446088
108,0.13848148,0.14462873
109,0.13842961,0.14470278
110,0.13837891,0.14464597
111,0.13832933,0.14444889
112,0.13828086,0.14412666
113,0.13823348,0.14371481
114,0.13818717,0.14325891
115,0.13814191,0.14279637
116,0.13809767,0.14235890
117,0.13805442,0.14196047
118,0.13801214,0.14161007
119,0.13797080,0.14130525
120,0.13793040,0.14104350
