suite,best_arm,sigma_best,sigma_modal,sigma_median,winners,modal_winner,modal_winner_count
optimizers,rmsprop,0.01993,0.01986,0.01971,1,"adagrad",10
schedule-free,adamw_constant,0.02005,0.02005,0.01947,2,"adamw_constant",6
optimizers-mlp,sgd,0.02019,0.02295,0.02295,5,"adagrad",5
ademamix,adamw,0.02050,0.02055,0.02050,1,"adamw, ademamix_no_slow_ema, ademamix_tuned",10
capacity-h32,adagrad,0.02103,0.02926,0.02851,3,"adam, adamw_constant, adamw_cosine, ademamix, schedule_free_adamw",4
capacity-h64,adagrad,0.02109,0.02323,0.03029,3,"schedule_free_adamw",6
schedule-free-mlp,schedule_free_sgd,0.02134,0.02538,0.02460,3,"adamw_constant, adamw_cosine",7
init-plain,schedule_free_adamw,0.02155,0.03172,0.02836,2,"adam, adamw_constant, ademamix",5
activation-relu,adagrad,0.02172,0.02962,0.02613,1,"adamw_cosine",10
activation-gelu,adagrad,0.02176,0.02502,0.02256,1,"adamw_cosine",10
capacity-h8x8,adagrad,0.02271,0.04554,0.05728,3,"schedule_free_adamw",7
ademamix-mlp,sgd_momentum,0.02343,0.02343,0.02483,3,"sgd_momentum",5
norm-layernorm,adamw_cosine,0.02367,0.02626,0.02496,3,"schedule_free_adamw",7
init-he,adagrad,0.02772,0.03187,0.04311,3,"schedule_free_adamw",7
norm-batchnorm,schedule_free_adamw,0.03060,0.03122,0.03117,5,"adam, adamw_constant, adamw_cosine, ademamix",4
capacity-h16x16,schedule_free_adamw,0.03697,0.03697,0.05882,3,"schedule_free_adamw",8
