epoch,baseline,sgd_momentum,adagrad,rmsprop,adam,adam_no_bias_correction
1,0.65909837,0.64815105,0.90559024,0.55561289,0.58879430,0.57619410
2,0.62847596,0.57398781,0.17318111,0.45097774,0.49135321,0.43643706
3,0.60089491,0.49025762,0.14838670,0.40555159,0.42565157,0.35644404
4,0.57600418,0.41250288,0.14562310,0.37358190,0.37876118,0.29299921
5,0.55348863,0.34824842,0.14343661,0.34889685,0.33836667,0.23993861
6,0.53306851,0.29844252,0.14151729,0.32895427,0.30411625,0.20480960
7,0.51449747,0.26091227,0.13981773,0.31233986,0.27683353,0.18345633
8,0.49755972,0.23280689,0.13830145,0.29818031,0.25551085,0.16802197
9,0.48206688,0.21162643,0.13693983,0.28589913,0.23804352,0.15551012
10,0.46785482,0.19545786,0.13571006,0.27509669,0.22284196,0.14625627
11,0.45478059,0.18291684,0.13459374,0.26548533,0.20947347,0.14048014
12,0.44271974,0.17302324,0.13357578,0.25685162,0.19814417,0.13720305
13,0.43156377,0.16508728,0.13264374,0.24903328,0.18902572,0.13484161
14,0.42121795,0.15862265,0.13178723,0.24190429,0.18193740,0.13222478
15,0.41159947,0.15328441,0.13099749,0.23536505,0.17637692,0.12909670
16,0.40263574,0.14882573,0.13026710,0.22933560,0.17174569,0.12589988
17,0.39426304,0.14506781,0.12958973,0.22375090,0.16758206,0.12323585
18,0.38642524,0.14187896,0.12895990,0.21855736,0.16366659,0.12143990
19,0.37907282,0.13916019,0.12837291,0.21371040,0.15998338,0.12045749
20,0.37216195,0.13683508,0.12782465,0.20917256,0.15660950,0.11997778
21,0.36565376,0.13484296,0.12731151,0.20491207,0.15361084,0.11966114
22,0.35951368,0.13313422,0.12683035,0.20090181,0.15098747,0.11930416
23,0.35371088,0.13166723,0.12637838,0.19711842,0.14867507,0.11887566
24,0.34821782,0.13040638,0.12595312,0.19354170,0.14658362,0.11845046
25,0.34300980,0.12932081,0.12555239,0.19015403,0.14464255,0.11811140
26,0.33806464,0.12838364,0.12517421,0.18693998,0.14282654,0.11788219
27,0.33336239,0.12757146,0.12481685,0.18388595,0.14115256,0.11771870
28,0.32888503,0.12686406,0.12447871,0.18097992,0.13965596,0.11754752
29,0.32461627,0.12624408,0.12415837,0.17821120,0.13836156,0.11731714
30,0.32054134,0.12569685,0.12385456,0.17557024,0.13726448,0.11702797
31,0.31664684,0.12521012,0.12356609,0.17304849,0.13632805,0.11672718
32,0.31292055,0.12477377,0.12329193,0.17063825,0.13549719,0.11647806
33,0.30935136,0.12437960,0.12303110,0.16833259,0.13471890,0.11632547
34,0.30592908,0.12402100,0.12278272,0.16612521,0.13395916,0.11627612
35,0.30264443,0.12369274,0.12254599,0.16401039,0.13320907,0.11630052
36,0.29948885,0.12339068,0.12232017,0.16198293,0.13247944,0.11635104
37,0.29645452,0.12311156,0.12210459,0.16003807,0.13178849,0.11638430
38,0.29353422,0.12285282,0.12189862,0.15817144,0.13114979,0.11637700
39,0.29072131,0.12261240,0.12170169,0.15637904,0.13056573,0.11632956
40,0.28800964,0.12238867,0.12151327,0.15465718,0.13002836,0.11625910
41,0.28539356,0.12218024,0.12133288,0.15300244,0.12952530,0.11618727
42,0.28286781,0.12198595,0.12116005,0.15141167,0.12904673,0.11612950
43,0.28042752,0.12180477,0.12099436,0.14988195,0.12858951,0.11609019
44,0.27806817,0.12163579,0.12083544,0.14841055,0.12815689,0.11606438
45,0.27578556,0.12147813,0.12068290,0.14699493,0.12775472,0.11604352
46,0.27357579,0.12133099,0.12053643,0.14563274,0.12738670,0.11602149
47,0.27143520,0.12119357,0.12039569,0.14432176,0.12705129,0.11599768
48,0.26936039,0.12106511,0.12026040,0.14305992,0.12674166,0.11597614
49,0.26734820,0.12094489,0.12013028,0.14184527,0.12644837,0.11596215
50,0.26539563,0.12083218,0.12000507,0.14067597,0.12616303,0.11595849
51,0.26349992,0.12072629,0.11988453,0.13955032,0.12588117,0.11596355
52,0.26165845,0.12062656,0.11976845,0.13846667,0.12560294,0.11597207
53,0.25986877,0.12053237,0.11965659,0.13742349,0.12533168,0.11597771
54,0.25812859,0.12044312,0.11954877,0.13641933,0.12507138,0.11597591
55,0.25643574,0.12035828,0.11944480,0.13545282,0.12482451,0.11596572
56,0.25478818,0.12027735,0.11934451,0.13452272,0.12459105,0.11594969
57,0.25318401,0.12019990,0.11924771,0.13362970,0.12436899,0.11593233
58,0.25162140,0.12012554,0.11915427,0.13281844,0.12415578,0.11591790
59,0.25009866,0.12005395,0.11906403,0.13306537,0.12394963,0.11590880
60,0.24861417,0.11998483,0.11897685,0.13494395,0.12375015,0.11590500
61,0.24716641,0.11991796,0.11889260,0.13135571,0.12355803,0.11590468
62,0.24575393,0.11985315,0.11881115,0.12979438,0.12337413,0.11590545
63,0.24437538,0.11979025,0.11873239,0.12895700,0.12319860,0.11590553
64,0.24302946,0.11972914,0.11865621,0.12824913,0.12303051,
65,0.24171493,0.11966972,0.11858249,0.12759489,0.12286815,
66,0.24043065,0.11961192,0.11851115,0.12697004,0.12270977,
67,0.23917549,0.11955566,0.11844208,0.12637657,0.12255424,
68,0.23794842,0.11950089,0.11837518,0.12580713,0.12240143,
69,0.23674842,0.11944757,0.11831039,0.12526765,0.12225196,
70,0.23557456,0.11939563,0.11824761,0.12475107,0.12210670,
71,0.23442592,0.11934503,0.11818677,0.12426808,0.12196626,
72,0.23330165,0.11929572,0.11812778,0.12380594,0.12183067,
73,0.23220091,0.11924763,0.11807060,0.12338502,0.12169949,
74,0.23112292,0.11920073,0.11801513,0.12297523,0.12157207,
75,0.23006694,0.11915495,0.11796132,0.12262017,0.12144791,
76,0.22903225,0.11911024,0.11790912,0.12228743,0.12132680,
77,0.22801816,0.11906655,0.11785845,0.12206947,0.12120879,
78,0.22702402,0.11902381,0.11780927,0.12188197,0.12109400,
79,0.22604921,0.11898199,0.11776152,0.12165920,0.12098243,
80,0.22509312,0.11894104,0.11771515,0.12119832,0.12087385,
81,0.22415518,0.11890091,0.11767011,0.12073334,0.12076789,
82,0.22323485,0.11886157,0.11762636,0.12028194,0.12066422,
83,0.22233159,0.11882297,0.11758385,0.11992817,0.12056261,
84,0.22144490,0.11878509,0.11754253,0.11960828,0.12046307,
85,0.22057429,0.11874790,0.11750237,0.11933770,0.12036573,
86,0.21971930,0.11871137,0.11746333,0.11908497,0.12027074,
87,0.21887948,0.11867548,0.11742537,0.11886473,0.12017817,
88,0.21805441,0.11864020,0.11738846,0.11865892,0.12008794,
89,0.21724366,0.11860551,0.11735255,0.11848746,0.11999991,
90,0.21644685,0.11857141,0.11731762,0.11833189,0.11991390,
91,0.21566359,0.11853787,0.11728363,0.11822250,0.11982976,
92,0.21489350,0.11850488,0.11725056,0.11811593,0.11974745,
93,0.21413625,0.11847242,0.11721837,0.11804718,0.11966696,
94,0.21339148,0.11844048,0.11718704,0.11791361,0.11958829,
95,0.21265887,0.11840905,0.11715653,0.11778984,0.11951139,
96,0.21193810,0.11837813,0.11712683,0.11758734,0.11943618,
97,0.21122886,0.11834769,0.11709791,0.11742937,0.11936256,
98,0.21053087,0.11831772,0.11706973,0.11724850,0.11929047,
99,0.20984383,0.11828822,0.11704229,0.11712030,0.11921985,
100,0.20916748,0.11825918,0.11701556,0.11698996,0.11915071,
101,0.20850154,0.11823059,0.11698952,0.11689975,0.11908307,
102,0.20784576,0.11820243,0.11696413,0.11680980,0.11901691,
103,0.20719989,0.11817469,0.11693940,0.11675453,0.11895222,
104,0.20656369,0.11814738,0.11691529,0.11669728,0.11888893,
105,0.20593694,0.11812047,0.11689179,0.11667629,0.11882699,
106,0.20531941,0.11809396,0.11686887,0.11664172,0.11876634,
107,0.20471088,0.11806785,0.11684653,0.11664266,0.11870695,
108,0.20411114,0.11804211,0.11682475,0.11660175,0.11864879,
109,0.20351999,0.11801675,0.11680350,0.11659182,0.11859184,
110,0.20293724,0.11799175,0.11678278,0.11652103,0.11853609,
111,0.20236269,0.11796711,0.11676256,0.11648900,0.11848150,
112,0.20179616,0.11794282,0.11674284,0.11640973,0.11842804,
113,0.20123746,0.11791888,0.11672360,0.11637712,0.11837567,
114,0.20068644,0.11789527,0.11670483,0.11631569,0.11832437,
115,0.20014291,0.11787200,0.11668651,0.11629868,0.11827412,
116,0.19960672,0.11784904,0.11666863,0.11626061,0.11822491,
117,0.19907771,0.11782641,0.11665118,0.11626343,0.11817672,
118,0.19855573,0.11780409,0.11663414,0.11624406,0.11812954,
119,0.19804062,0.11778207,0.11661751,0.11626469,0.11808333,
120,0.19753224,0.11776036,0.11660128,0.11625364,0.11803806,
