epoch,baseline,adamw_lr0.1,adamw_lr0.2,adamw_lr0.4,adamw_lr0.8,ademamix_w0_lr0.1,ademamix_w0_lr0.2,ademamix_w0_lr0.4,ademamix_w0_lr0.8,ademamix_w45_lr0.1,ademamix_w45_lr0.2,ademamix_w45_lr0.4,ademamix_w45_lr0.8,ademamix_w120_lr0.1,ademamix_w120_lr0.2,ademamix_w120_lr0.4,ademamix_w120_lr0.8,sgd_momentum_lr0.1,sgd_momentum_lr0.2,sgd_momentum_lr0.4,sgd_momentum_lr0.8
1,0.55131083,0.66137850,0.63399030,0.59181933,0.55131083,0.66137259,0.63398021,0.59180567,0.55130453,0.66137260,0.63398023,0.59180570,0.55130454,0.66137263,0.63398028,0.59180576,0.55130457,0.68767404,0.68225061,0.67155283,0.65075238
2,0.39267485,0.63372672,0.58423290,0.50080067,0.39267485,0.63371108,0.58420471,0.50075642,0.39262217,0.63370596,0.58419621,0.50074196,0.39260477,0.63370607,0.58419641,0.50074228,0.39260514,0.67746024,0.66228142,0.63340717,0.58127530
3,0.32356148,0.60814233,0.53835427,0.43553464,0.32356148,0.60811264,0.53830330,0.43546935,0.32350466,0.60809606,0.53827382,0.43542421,0.32345907,0.60809635,0.53827434,0.43542498,0.32345986,0.66330957,0.63542207,0.58509999,0.50335321
4,0.29000515,0.58341917,0.49879693,0.39064431,0.29000515,0.58337155,0.49872367,0.39056372,0.28994767,0.58333544,0.49866091,0.39048338,0.28987916,0.58333604,0.49866194,0.39048471,0.28988036,0.64604831,0.60395759,0.53294177,0.43125894
5,0.25668184,0.55990880,0.46567938,0.35351973,0.25668184,0.55984111,0.46558524,0.35341956,0.25660976,0.55977667,0.46548112,0.35330507,0.25652053,0.55977770,0.46548280,0.35330695,0.25652211,0.62648368,0.57004697,0.48198298,0.37155190
6,0.22498708,0.53807337,0.43708690,0.32107064,0.22498708,0.53798483,0.43697130,0.32095071,0.22490159,0.53788339,0.43682316,0.32079923,0.22478160,0.53788501,0.43682556,0.32080171,0.22478371,0.60537000,0.53554434,0.43543465,0.32487888
7,0.20196528,0.51807895,0.41159604,0.29430466,0.20196528,0.51796948,0.41145897,0.29416972,0.20187711,0.51782351,0.41126518,0.29397555,0.20171015,0.51782587,0.41126835,0.29397871,0.20171305,0.58338311,0.50189126,0.39476593,0.28925324
8,0.18904528,0.49976548,0.38896447,0.27331005,0.18904528,0.49963483,0.38880771,0.27316533,0.18896331,0.49943910,0.38856599,0.27292285,0.18873627,0.49944230,0.38856996,0.27292680,0.18874020,0.56110332,0.47008794,0.36020454,0.26217380
9,0.18318115,0.48279106,0.36915942,0.25669327,0.18318115,0.48263859,0.36898508,0.25654127,0.18310762,0.48239013,0.36869324,0.25624708,0.18281869,0.48239424,0.36869805,0.25625192,0.18282377,0.53900720,0.44073127,0.33128768,0.24145676
10,0.18015920,0.46688143,0.35181916,0.24281569,0.18015920,0.46670663,0.35162815,0.24265704,0.18009087,0.46640335,0.35128429,0.24230909,0.17975203,0.46640843,0.35128999,0.24231494,0.17975814,0.51746734,0.41409361,0.30726892,0.22541082
11,0.17691316,0.45194330,0.33632281,0.23085830,0.17691316,0.45174632,0.33611471,0.23069400,0.17684484,0.45138595,0.33571670,0.23028922,0.17647672,0.45139205,0.33572337,0.23029618,0.17648357,0.49675873,0.39021390,0.28735382,0.21278692
12,0.17227054,0.43799421,0.32215730,0.22074292,0.17227054,0.43777579,0.32193169,0.22057494,0.17219815,0.43735597,0.32147644,0.22010847,0.17182100,0.43736313,0.32148415,0.22011670,0.17182822,0.47706975,0.36898089,0.27081083,0.20268224
13,0.16656620,0.42505516,0.30913097,0.21254318,0.16656620,0.42481626,0.30888854,0.21237355,0.16648828,0.42433482,0.30837161,0.21184040,0.16611449,0.42434309,0.30838049,0.21185004,0.16612181,0.45851583,0.35019849,0.25701050,0.19445284
14,0.16084811,0.41308675,0.29727580,0.20608598,0.16084811,0.41282813,0.29701827,0.20591567,0.16076579,0.41228322,0.29643422,0.20531345,0.16039686,0.41229264,0.29644439,0.20532460,0.16040415,0.44115380,0.33363183,0.24543009,0.18764481
15,0.15616761,0.40197931,0.28664538,0.20090022,0.15616761,0.40170125,0.28637472,0.20072870,0.15608380,0.40109115,0.28571808,0.20005970,0.15571198,0.40110178,0.28572967,0.20007236,0.15571928,0.42499559,0.31903685,0.23564387,0.18194149
16,0.15313159,0.39158844,0.27718852,0.19641226,0.15313159,0.39129082,0.27690628,0.19623797,0.15304964,0.39061368,0.27617273,0.19550873,0.15266354,0.39062557,0.27618587,0.19552279,0.15267101,0.41002026,0.30617763,0.22730921,0.17712301
17,0.15173905,0.38178835,0.26874765,0.19219543,0.15173905,0.38147099,0.26845472,0.19201676,0.15166149,0.38072454,0.26764167,0.19123516,0.15125338,0.38073777,0.26765643,0.19125048,0.15126117,0.39618416,0.29483560,0.22015266,0.17303536
18,0.15147615,0.37250519,0.26114382,0.18809593,0.15147615,0.37216810,0.26084082,0.18791195,0.15140387,0.37134963,0.25994670,0.18708395,0.15097535,0.37136427,0.25996316,0.18710038,0.15098346,0.38342896,0.28481344,0.21395747,0.16956716
19,0.15159648,0.36371434,0.25425759,0.18418778,0.15159648,0.36335781,0.25394529,0.18399848,0.15152865,0.36246422,0.25296844,0.18312652,0.15109110,0.36248035,0.25298665,0.18314397,0.15109939,0.37168776,0.27593608,0.20855282,0.16663276
20,0.15145081,0.35541521,0.24804074,0.18063352,0.15145081,0.35503976,0.24772014,0.18043961,0.15138553,0.35406772,0.24665827,0.17952324,0.15095463,0.35408543,0.24667830,0.17954167,0.15096287,0.36088964,0.26804996,0.20380471,0.16416092
21,0.15071631,0.34760421,0.24247137,0.17755195,0.15071631,0.34721036,0.24214342,0.17735435,0.15065152,0.34615665,0.24099413,0.17639236,0.15023874,0.34617602,0.24101604,0.17641177,0.15024672,0.35096288,0.26102150,0.19960836,0.16208792
22,0.14944333,0.34025890,0.23750359,0.17495341,0.14944333,0.33984707,0.23716892,0.17475291,0.14937766,0.33870893,0.23593054,0.17374538,0.14898324,0.33873004,0.23595440,0.17376573,0.14899097,0.34183713,0.25473517,0.19588173,0.16035411
23,0.14794028,0.33333788,0.23304914,0.17275268,0.14794028,0.33290832,0.23270787,0.17254972,0.14787338,0.33168361,0.23138009,0.17149861,0.14748477,0.33170651,0.23140594,0.17151987,0.14749245,0.33344484,0.24909160,0.19256021,0.15890305
24,0.14658357,0.32679306,0.22899644,0.17082958,0.14658357,0.32634593,0.22864834,0.17062429,0.14651600,0.32503297,0.22723197,0.16953225,0.14611229,0.32505771,0.22725983,0.16955436,0.14612032,0.32572215,0.24400558,0.18959228,0.15768208
25,0.14564740,0.32058502,0.22524675,0.16909058,0.14564740,0.32012055,0.22489145,0.16888291,0.14558028,0.31871775,0.22338765,0.16775110,0.14514074,0.31874439,0.22341752,0.16777406,0.14514953,0.31860939,0.23940437,0.18693603,0.15664359
26,0.14521482,0.31469191,0.22173908,0.16749663,0.14521482,0.31421046,0.22137633,0.16728643,0.14514935,0.31271598,0.21978579,0.16611302,0.14466222,0.31274456,0.21981769,0.16613688,0.14467201,0.31205120,0.23522596,0.18455646,0.15574639
27,0.14518421,0.30910755,0.21845005,0.16605138,0.14518421,0.30860966,0.21807975,0.16583853,0.14512134,0.30702125,0.21640256,0.16461879,0.14458905,0.30705183,0.21643650,0.16464367,0.14459982,0.30599667,0.23141766,0.18242344,0.15495661
28,0.14534515,0.30383234,0.21537502,0.16476817,0.14534515,0.30331862,0.21499717,0.16455259,0.14528538,0.30163373,0.21323331,0.16328071,0.14472415,0.30166638,0.21326929,0.16330676,0.14473560,0.30039912,0.22793472,0.18051032,0.15424805
29,0.14547804,0.29886295,0.21250714,0.16364039,0.14547804,0.29833403,0.21212175,0.16342206,0.14542139,0.29655007,0.21027185,0.16209353,0.14485558,0.29658485,0.21030988,0.16212088,0.14486719,0.29521602,0.22473913,0.17879298,0.15360182
30,0.14543478,0.29418643,0.20982756,0.16263225,0.14543478,0.29364286,0.20943461,0.16241115,0.14538080,0.29175742,0.20750043,0.16102435,0.14483450,0.29179441,0.20754045,0.16105307,0.14484573,0.29040869,0.22179861,0.17724924,0.15300550
31,0.14517592,0.28978061,0.20730976,0.16169197,0.14517592,0.28922283,0.20690920,0.16146808,0.14512387,0.28723377,0.20489328,0.16002394,0.14461309,0.28727303,0.20493524,0.16005404,0.14462353,0.28594208,0.21908563,0.17585863,0.15245182
32,0.14476139,0.28561937,0.20493118,0.16077619,0.14476139,0.28504773,0.20452299,0.16054948,0.14471039,0.28295308,0.20242777,0.15904954,0.14423886,0.28299469,0.20247161,0.15908101,0.14424831,0.28178453,0.21657663,0.17460226,0.15193727
33,0.14430782,0.28167906,0.20268190,0.15986940,0.14430782,0.28109389,0.20226614,0.15963976,0.14425709,0.27889171,0.20009305,0.15808379,0.14381709,0.27893574,0.20013871,0.15811664,0.14382560,0.27790744,0.21425133,0.17346282,0.15146067
34,0.14393372,0.27794240,0.20056418,0.15898682,0.14393372,0.27734402,0.20014096,0.15875417,0.14388282,0.27503233,0.19789012,0.15713887,0.14346058,0.27507885,0.19793759,0.15717316,0.14346835,0.27428509,0.21209215,0.17242470,0.15102191
35,0.14371338,0.27439834,0.19858439,0.15816111,0.14371338,0.27378709,0.19815388,0.15792538,0.14366238,0.27136390,0.19582444,0.15624509,0.14324585,0.27141298,0.19587371,0.15628095,0.14325305,0.27089434,0.21008373,0.17147401,0.15062101
36,0.14365485,0.27103885,0.19674374,0.15742196,0.14365485,0.27041506,0.19630612,0.15718319,0.14360427,0.26787860,0.19389695,0.15543205,0.14318989,0.26793030,0.19394804,0.15546959,0.14319658,0.26771440,0.20821250,0.17059860,0.15025748
37,0.14370676,0.26785507,0.19503377,0.15678037,0.14370676,0.26721903,0.19458919,0.15653870,0.14365745,0.26456798,0.19209934,0.15471315,0.14325279,0.26462235,0.19215228,0.15475246,0.14325877,0.26472662,0.20646639,0.16978805,0.14992999
38,0.14378794,0.26483491,0.19343850,0.15622481,0.14378794,0.26418686,0.19298708,0.15598048,0.14374069,0.26142060,0.19041578,0.15408059,0.14336170,0.26147767,0.19047060,0.15412166,0.14336662,0.26191427,0.20483456,0.16903362,0.14963632
39,0.14382481,0.26196331,0.19194068,0.15572914,0.14382481,0.26130342,0.19148249,0.15548238,0.14378006,0.25842201,0.18882866,0.15351141,0.14344409,0.25848180,0.18888538,0.15355419,0.14344754,0.25926234,0.20330718,0.16832807,0.14937346
40,0.14377986,0.25922440,0.19052724,0.15526596,0.14377986,0.25855279,0.19006232,0.15501691,0.14373751,0.25555680,0.18732410,0.15297947,0.14345553,0.25561931,0.18738279,0.15302384,0.14345721,0.25675738,0.20187534,0.16766552,0.14913791
41,0.14366042,0.25660419,0.18919085,0.15481754,0.14366042,0.25592096,0.18871920,0.15456618,0.14361986,0.25281117,0.18589390,0.15246617,0.14339165,0.25287638,0.18595463,0.15251205,0.14339147,0.25438730,0.20053085,0.16704126,0.14892594
42,0.14350681,0.25409233,0.18792741,0.15437940,0.14350681,0.25339756,0.18744904,0.15412560,0.14346721,0.25017468,0.18453362,0.15196507,0.14328184,0.25024258,0.18459647,0.15201237,0.14327997,0.25214125,0.19926622,0.16645153,0.14873386
43,0.14336864,0.25168205,0.18673231,0.15395649,0.14336864,0.25097582,0.18624723,0.15370006,0.14332927,0.24764034,0.18323894,0.15147952,0.14317058,0.24771093,0.18330399,0.15152819,0.14316732,0.25000948,0.19807459,0.16589334,0.14855830
44,0.14328147,0.24936876,0.18559824,0.15355579,0.14328147,0.24865116,0.18510647,0.15329659,0.14324202,0.24520339,0.18200337,0.15101636,0.14309637,0.24527666,0.18207068,0.15106638,0.14309197,0.24798321,0.19694964,0.16536428,0.14839632
45,0.14325408,0.24714823,0.18451591,0.15318025,0.14325408,0.24641935,0.18401750,0.15291828,0.14321475,0.24285949,0.18081838,0.15057993,0.14307739,0.24293544,0.18088798,0.15063121,0.14307196,0.24605450,0.19588558,0.16486235,0.14824548
46,0.14326980,0.24501538,0.18347679,0.15282718,0.14326980,0.24427530,0.18297175,0.15256256,0.14323120,0.24060935,0.17968037,0.15017279,0.14310818,0.24068220,0.17974762,0.15022182,0.14310194,0.24421619,0.19487713,0.16438583,0.14810389
47,0.14329864,0.24296410,0.18247555,0.15249092,0.14329864,0.24221291,0.18196388,0.15222381,0.14326145,0.23844652,0.17858342,0.14978990,0.14316769,0.23851087,0.17864396,0.14983353,0.14316046,0.24246179,0.19391950,0.16393318,0.14797012
48,0.14331274,0.24098807,0.18151070,0.15216715,0.14331274,0.24022584,0.18099240,0.15189765,0.14327744,0.23636431,0.17752515,0.14942585,0.14323065,0.23641506,0.17757493,0.14946146,0.14322222,0.24078540,0.19300829,0.16350296,0.14784313
49,0.14329780,0.23908177,0.18058309,0.15185572,0.14329780,0.23830857,0.18005816,0.15158384,0.14326444,0.23435679,0.17650578,0.14907810,0.14327859,0.23438908,0.17654102,0.14910361,0.14326924,0.23918165,0.19213959,0.16309379,0.14772222
50,0.14325643,0.23724118,0.17969359,0.15156030,0.14325643,0.23645707,0.17916203,0.15128596,0.14322462,0.23241947,0.17552614,0.14874772,0.14330579,0.23242866,0.17554316,0.14876156,0.14329663,0.23764564,0.19130981,0.16270434,0.14760689
51,0.14320341,0.23546374,0.17884145,0.15128532,0.14320341,0.23466879,0.17830334,0.15100844,0.14317254,0.23054935,0.17458596,0.14843773,0.14331870,0.23053103,0.17458111,0.14843865,0.14331179,0.23617289,0.19051579,0.16233327,0.14749678
52,0.14315661,0.23374773,0.17802432,0.15103250,0.14315661,0.23294202,0.17747975,0.15075311,0.14312610,0.22874436,0.17368344,0.14815021,0.14333059,0.22869437,0.17365305,0.14813710,0.14332867,0.23475929,0.18975466,0.16197929,0.14739161
53,0.14312826,0.23209145,0.17723929,0.15079922,0.14312826,0.23127504,0.17668835,0.15051745,0.14309783,0.22700253,0.17281596,0.14788416,0.14335438,0.22691702,0.17275635,0.14785586,0.14336053,0.23340105,0.18902387,0.16164115,0.14729116
54,0.14312039,0.23049263,0.17648414,0.15057944,0.14312039,0.22966562,0.17592690,0.15029553,0.14309014,0.22532145,0.17198119,0.14763534,0.14339710,0.22519692,0.17188878,0.14759059,0.14341433,0.23209471,0.18832114,0.16131763,0.14719522
55,0.14312582,0.22894837,0.17575779,0.15036660,0.14312582,0.22811083,0.17519430,0.15008076,0.14309614,0.22369810,0.17117776,0.14739793,0.14345789,0.22353133,0.17104916,0.14733536,0.14348890,0.23083704,0.18764446,0.16100759,0.14710359
56,0.14313325,0.22745543,0.17505976,0.15015648,0.14313325,0.22660747,0.17449007,0.14986884,0.14310461,0.22212911,0.17040504,0.14716695,0.14352966,0.22191715,0.17023713,0.14708519,0.14357681,0.22962509,0.18699200,0.16070996,0.14701607
57,0.14313342,0.22601078,0.17438924,0.14994852,0.14313342,0.22515246,0.17381340,0.14965908,0.14310607,0.22061119,0.16966243,0.14694012,0.14360316,0.22035130,0.16945239,0.14683784,0.14366861,0.22845610,0.18636215,0.16042375,0.14693246
58,0.14312306,0.22461188,0.17374444,0.14974507,0.14312306,0.22374329,0.17316255,0.14945376,0.14309696,0.21914151,0.16894866,0.14671810,0.14367123,0.21883111,0.16869397,0.14659411,0.14375714,0.22732754,0.18575346,0.16014807,0.14685258
59,0.14310526,0.22325678,0.17312276,0.14954936,0.14310526,0.22237797,0.17253493,0.14925610,0.14308013,0.21771779,0.16826163,0.14650339,0.14373131,0.21735439,0.16796004,0.14635671,0.14384003,0.22623705,0.18516462,0.15988210,0.14677622
60,0.14308657,0.22194384,0.17252146,0.14936345,0.14308657,0.22105486,0.17192779,0.14906827,0.14306202,0.21633809,0.16759879,0.14629861,0.14378550,0.21591931,0.16724834,0.14612848,0.14391963,0.22518243,0.18459446,0.15962512,0.14670321
61,0.14307295,0.22067141,0.17193841,0.14918740,0.14307295,0.21977235,0.17133897,0.14889039,0.14304872,0.21500058,0.16695780,0.14610513,0.14383855,0.21452411,0.16655680,0.14591107,0.14400099,0.22416165,0.18404190,0.15937649,0.14663333
62,0.14306683,0.21943765,0.17137237,0.14901969,0.14306683,0.21852856,0.17076723,0.14872100,0.14304289,0.21370325,0.16633698,0.14592271,0.14389519,0.21316687,0.16588401,0.14570454,0.14408912,0.22317283,0.18350597,0.15913562,0.14656639
63,0.14306654,0.21824044,0.17082277,0.14885847,0.14306654,0.21732139,0.17021198,0.14855823,0.14304307,0.21244392,0.16573533,0.14575003,0.14395800,0.21184544,0.16522918,0.14550791,0.14418685,0.22221421,0.18298578,0.15890200,0.14650218
64,0.14306803,0.21707759,0.17028919,0.14870260,0.14306803,0.21614866,0.16967280,0.14840090,0.14304530,0.21122030,0.16515220,0.14558562,0.14402676,0.21055761,0.16459185,0.14532004,0.14429430,0.22128415,0.18248048,0.15867518,0.14644048
65,0.14306743,0.21594707,0.16977095,0.14855194,0.14306743,0.21500832,0.16914905,0.14824880,0.14304566,0.21003024,0.16458692,0.14542865,0.14409930,0.20930124,0.16397144,0.14514037,0.14440962,0.22038114,0.18198932,0.15845476,0.14638106
66,0.14306310,0.21484716,0.16926716,0.14840682,0.14306310,0.21389864,0.16863982,0.14810226,0.14304230,0.20887188,0.16403858,0.14527898,0.14417300,0.20807451,0.16336714,0.14496899,0.14453056,0.21950376,0.18151160,0.15824035,0.14632371
67,0.14305597,0.21377645,0.16877688,0.14826733,0.14305597,0.21281823,0.16814420,0.14796139,0.14303601,0.20774373,0.16350617,0.14513685,0.14424619,0.20687596,0.16277797,0.14480631,0.14465577,0.21865071,0.18104663,0.15803165,0.14626820
68,0.14304856,0.21273379,0.16829951,0.14813289,0.14304856,0.21176590,0.16766157,0.14782566,0.14302919,0.20664457,0.16298877,0.14500230,0.14431880,0.20570443,0.16220308,0.14465251,0.14478543,0.21782074,0.18059382,0.15782833,0.14621435
69,0.14304321,0.21171807,0.16783480,0.14800239,0.14304321,0.21074057,0.16719165,0.14769400,0.14302425,0.20557331,0.16248579,0.14487486,0.14439205,0.20455890,0.16164190,0.14450727,0.14492094,0.21701273,0.18015257,0.15763013,0.14616198
70,0.14304080,0.21072816,0.16738268,0.14787481,0.14304080,0.20974112,0.16673438,0.14756538,0.14302221,0.20452889,0.16199689,0.14475366,0.14446757,0.20343841,0.16109418,0.14436984,0.14506409,0.21622562,0.17972235,0.15743680,0.14611094
71,0.14304050,0.20976289,0.16694303,0.14774974,0.14304050,0.20876636,0.16628965,0.14743934,0.14302239,0.20351019,0.16152188,0.14463779,0.14454646,0.20234195,0.16055980,0.14423942,0.14521611,0.21545840,0.17930265,0.15724810,0.14606112
72,0.14304055,0.20882108,0.16651545,0.14762756,0.14304055,0.20781512,0.16585707,0.14731618,0.14302307,0.20251609,0.16106046,0.14452669,0.14462876,0.20126851,0.16003853,0.14411555,0.14537717,0.21471016,0.17889299,0.15706383,0.14601244
73,,0.20790165,0.16609927,0.14750903,,0.20688634,0.16543600,0.14719668,0.14302265,0.20154550,0.16061212,0.14442034,0.14471354,0.20021709,0.15952995,0.14399827,0.14554648,0.21398003,0.17849293,0.15688378,0.14596483
74,,0.20700371,0.16569381,0.14739484,,0.20597909,0.16502574,0.14708152,0.14302059,0.20059748,0.16017616,0.14431908,0.14479947,0.19918682,0.15903344,0.14388797,0.14572277,0.21326721,0.17810205,0.15670778,0.14591827
75,,0.20612649,0.16529843,0.14728512,,0.20509263,0.16462565,0.14697090,0.14301749,0.19967119,0.15975185,0.14422329,0.14488541,0.19817695,0.15854836,0.14378509,0.14590493,0.21257095,0.17771995,0.15653567,0.14587273
76,,0.20526934,0.16491272,0.14717942,,0.20422630,0.16423531,0.14686441,0.14301461,0.19876594,0.15933856,0.14413308,0.14497090,0.19718684,0.15807412,0.14368984,0.14609245,0.21189053,0.17734627,0.15636728,0.14582821
77,,0.20443165,0.16453634,0.14707699,,0.20337948,0.16385437,0.14676131,0.14301297,0.19788107,0.15893577,0.14404814,0.14505621,0.19621589,0.15761026,0.14360200,0.14628555,0.21122531,0.17698065,0.15620249,0.14578471
78,,0.20361276,0.16416896,0.14697717,,0.20255152,0.16348252,0.14666092,0.14301277,0.19701591,0.15854307,0.14396786,0.14514198,0.19526350,0.15715640,0.14352109,0.14648490,0.21057465,0.17662279,0.15604115,0.14574221
79,,0.20281198,0.16381017,0.14687964,,0.20174175,0.16311935,0.14656290,0.14301341,0.19616978,0.15816003,0.14389161,0.14522883,0.19432907,0.15671219,0.14344653,0.14669124,0.20993798,0.17627237,0.15588314,0.14570072
80,,0.20202864,0.16345953,0.14678442,,0.20094949,0.16276441,0.14646724,0.14301390,0.19534199,0.15778622,0.14381891,0.14531703,0.19341195,0.15627722,0.14337790,0.14690509,0.20931475,0.17592911,0.15572835,0.14566021
81,,0.20126209,0.16311660,0.14669168,,0.20017410,0.16241729,0.14637408,0.14301353,0.19453187,0.15742119,0.14374957,0.14540641,0.19251155,0.15585108,0.14331503,0.14712660,0.20870444,0.17559274,0.15557666,0.14562065
82,,0.20051175,0.16278111,0.14660148,,0.19941498,0.16207767,0.14628352,0.14301227,0.19373881,0.15706452,0.14368360,0.14549655,0.19162734,0.15543344,0.14325798,0.14735568,0.20810657,0.17526301,0.15542798,0.14558201
83,,0.19977711,0.16245284,0.14651375,,0.19867162,0.16174536,0.14619551,0.14301067,0.19296227,0.15671593,0.14362108,0.14558708,0.19075883,0.15502405,0.14320689,0.14759223,0.20752069,0.17493967,0.15528219,0.14554425
84,,0.19905768,0.16213170,0.14642830,,0.19794355,0.16142023,0.14610986,0.14300948,0.19220178,0.15637522,0.14356203,0.14567787,0.18990564,0.15462281,0.14316188,0.14783632,0.20694636,0.17462252,0.15513920,0.14550731
85,,0.19835300,0.16181753,0.14634498,,0.19723030,0.16110215,0.14602640,0.14300912,0.19145689,0.15604231,0.14350636,0.14576914,0.18906741,0.15422971,0.14312299,0.14808829,0.20638317,0.17431132,0.15499892,0.14547116
86,,0.19766259,0.16151015,0.14626376,,0.19653138,0.16079094,0.14594508,0.14300955,0.19072714,0.15571708,0.14345394,0.14586128,0.18824378,0.15384477,0.14309025,0.14834865,0.20583073,0.17400589,0.15486126,0.14543575
87,,0.19698595,0.16120933,0.14618470,,0.19584631,0.16048637,0.14586598,0.14301023,0.19001210,0.15539943,0.14340468,0.14595465,0.18743440,0.15346799,0.14306369,0.14861794,0.20528869,0.17370602,0.15472613,0.14540104
88,,0.19632261,0.16091484,0.14610789,,0.19517461,0.16018822,0.14578915,0.14301062,0.18931129,0.15508918,0.14335855,0.14604939,0.18663889,0.15309933,0.14304342,0.14889650,0.20475668,0.17341155,0.15459345,0.14536698
89,,0.19567210,0.16062649,0.14603327,,0.19451582,0.15989629,0.14571457,0.14301040,0.18862427,0.15478615,0.14331560,0.14614537,0.18585689,0.15273873,0.14302962,0.14918444,0.20423439,0.17312230,0.15446314,0.14533356
90,,0.19503403,0.16034413,0.14596068,,0.19386954,0.15961041,0.14564210,0.14300971,0.18795060,0.15449016,0.14327589,0.14624224,0.18508803,0.15238610,0.14302251,0.14948163,0.20372150,0.17283811,0.15433513,0.14530074
91,,0.19440801,0.16006761,0.14588990,,0.19323537,0.15933044,0.14557151,0.14300896,0.18728988,0.15420106,0.14323942,0.14633963,0.18433196,0.15204139,0.14302224,0.14978782,0.20321770,0.17255882,0.15420933,0.14526850
92,,0.19379369,0.15979676,0.14582074,,0.19261298,0.15905622,0.14550261,0.14300857,0.18664171,0.15391868,0.14320610,0.14643727,0.18358834,0.15170451,0.14302893,0.15010283,0.20272273,0.17228429,0.15408568,0.14523683
93,,0.19319072,0.15953138,0.14575312,,0.19200201,0.15878756,0.14543530,0.14300872,0.18600574,0.15364286,0.14317580,0.14653512,0.18285684,0.15137538,0.14304260,0.15042656,0.20223629,0.17201438,0.15396413,0.14520571
94,,0.19259878,0.15927128,0.14568706,,0.19140214,0.15852424,0.14536959,0.14300925,0.18538161,0.15337342,0.14314836,0.14663328,0.18213714,0.15105388,0.14306321,0.15075910,0.20175815,0.17174894,0.15384460,0.14517514
95,,0.19201753,0.15901626,0.14562262,,0.19081303,0.15826610,0.14530554,0.14300981,0.18476897,0.15311014,0.14312365,0.14673191,0.18142892,0.15073988,0.14309076,0.15110066,0.20128805,0.17148786,0.15372704,0.14514510
96,,0.19144665,0.15876618,0.14555985,,0.19023436,0.15801295,0.14524318,0.14301010,0.18416746,0.15285283,0.14310162,0.14683113,0.18073186,0.15043324,0.14312522,0.15145146,0.20082575,0.17123102,0.15361140,0.14511558
97,,0.19088585,0.15852091,0.14549870,,0.18966583,0.15776469,0.14518251,0.14301004,0.18357676,0.15260132,0.14308222,0.14693092,0.18004566,0.15013385,0.14316662,0.15181168,0.20037103,0.17097829,0.15349762,0.14508658
98,,0.19033484,0.15828033,0.14543911,,0.18910717,0.15752119,0.14512344,,0.18299656,0.15235545,0.14306542,0.14703118,0.17937003,0.14984162,0.14321498,0.15218144,0.19992368,0.17072957,0.15338566,0.14505808
99,,0.18979337,0.15804433,0.14538097,,0.18855812,0.15728234,0.14506588,,0.18242657,0.15211511,0.14305115,0.14713175,0.17870473,0.14955647,0.14327027,0.15256079,0.19948349,0.17048475,0.15327547,0.14503008
100,,0.18926119,0.15781279,0.14532424,,0.18801842,0.15704802,0.14500978,,0.18186653,0.15188015,0.14303930,0.14723253,0.17804951,0.14927836,0.14333247,0.15294979,0.19905026,0.17024372,0.15316701,0.14500256
101,,0.18873808,0.15758559,0.14526888,,0.18748786,0.15681811,0.14495509,,0.18131620,0.15165048,0.14302975,0.14733352,0.17740416,0.14900723,0.14340150,0.15334856,0.19862381,0.17000639,0.15306024,0.14497551
102,,0.18822378,0.15736262,0.14521487,,0.18696618,0.15659249,0.14490179,,0.18077533,0.15142594,0.14302239,0.14743479,0.17676849,0.14874300,0.14347730,0.15375725,0.19820395,0.16977268,0.15295512,0.14494892
103,,0.18771809,0.15714378,0.14516218,,0.18645317,0.15637108,0.14484986,,0.18024368,0.15120641,0.14301712,0.14753647,0.17614231,0.14848561,0.14355979,0.15417609,0.19779051,0.16954247,0.15285161,0.14492278
104,,0.18722077,0.15692899,0.14511076,,0.18594860,0.15615377,0.14479925,,0.17972104,0.15099176,0.14301388,0.14763865,0.17552541,0.14823495,0.14364896,0.15460532,0.19738332,0.16931570,0.15274968,0.14489707
105,,0.18673161,0.15671816,0.14506055,,0.18545226,0.15594049,0.14474989,,0.17920715,0.15078186,0.14301263,0.14774135,0.17491760,0.14799096,0.14374481,0.15504516,0.19698222,0.16909228,0.15264928,0.14487179
106,,0.18625041,0.15651119,0.14501151,,0.18496394,0.15573114,0.14470174,,0.17870182,0.15057659,0.14301333,0.14784452,0.17431870,0.14775352,0.14384737,0.15549578,0.19658706,0.16887212,0.15255039,0.14484693
107,,0.18577699,0.15630798,0.14496361,,0.18448346,0.15552561,0.14465477,,0.17820481,0.15037582,0.14301594,0.14794804,0.17372851,0.14752254,0.14395667,0.15595726,0.19619768,0.16865515,0.15245298,0.14482247
108,,0.18531115,0.15610844,0.14491684,,0.18401062,0.15532382,0.14460898,,0.17771593,0.15017944,0.14302041,0.14805181,0.17314684,0.14729792,0.14407277,0.15642966,0.19581395,0.16844130,0.15235700,0.14479841
109,,0.18485271,0.15591247,0.14487122,,0.18354526,0.15512567,0.14456435,,0.17723497,0.14998730,0.14302670,0.14815578,0.17257353,0.14707955,0.14419571,0.15691301,0.19543573,0.16823050,0.15226244,0.14477473
110,,0.18440151,0.15571999,0.14482672,,0.18308719,0.15493106,0.14452088,,0.17676174,0.14979931,0.14303480,0.14825993,0.17200837,0.14686736,0.14432554,0.15740735,0.19506288,0.16802267,0.15216925,0.14475143
111,,0.18395735,0.15553092,0.14478330,,0.18263623,0.15473993,0.14447854,,0.17629605,0.14961534,0.14304467,0.14836427,0.17145120,0.14666124,0.14446235,0.15791277,0.19469528,0.16781775,0.15207741,0.14472850
112,,0.18352008,0.15534517,0.14474091,,0.18219222,0.15455219,0.14443727,,0.17583770,0.14943530,0.14305631,0.14846885,0.17090186,0.14646113,0.14460619,0.15842937,0.19433281,0.16761567,0.15198690,0.14470593
113,,0.18308954,0.15516269,0.14469952,,0.18175500,0.15436776,0.14439703,,0.17538654,0.14925912,0.14306971,0.14857365,0.17036017,0.14626699,0.14475716,0.15895727,0.19397534,0.16741638,0.15189767,0.14468372
114,,0.18266557,0.15498337,0.14465910,,0.18132441,0.15418657,0.14435779,,0.17494238,0.14908670,0.14308483,0.14867867,0.16982599,0.14607878,0.14491531,0.15949658,0.19362276,0.16721981,0.15180971,0.14466185
115,,0.18224801,0.15480716,0.14461962,,0.18090031,0.15400854,0.14431953,,0.17450507,0.14891797,0.14310164,0.14878385,0.16929918,0.14589648,0.14508072,0.16004743,0.19327495,0.16702590,0.15172299,0.14464032
116,,0.18183674,0.15463398,0.14458107,,0.18048254,0.15383360,0.14428222,,0.17407447,0.14875287,0.14312011,0.14888914,0.16877961,0.14572007,0.14525343,0.16060990,0.19293182,0.16683460,0.15163749,0.14461913
117,,0.18143161,0.15446377,0.14454343,,0.18007097,0.15366169,0.14424586,,0.17365042,0.14859131,0.14314018,0.14899452,0.16826718,0.14554953,0.14543351,0.16118410,0.19259326,0.16664585,0.15155317,0.14459826
118,,0.18103248,0.15429647,0.14450669,,0.17966547,0.15349274,0.14421042,,0.17323279,0.14843324,0.14316183,0.14909997,0.16776178,0.14538485,0.14562098,0.16177011,0.19225916,0.16645960,0.15147001,0.14457771
119,,0.18063922,0.15413201,0.14447080,,0.17926590,0.15332670,0.14417587,,0.17282145,0.14827858,0.14318504,0.14920552,0.16726331,0.14522602,0.14581591,0.16236805,0.19192943,0.16627580,0.15138800,0.14455747
120,,0.18025171,0.15397035,0.14443576,,0.17887213,0.15316351,0.14414220,,0.17241627,0.14812728,0.14320976,0.14931119,0.16677167,0.14507301,0.14601833,0.16297803,0.19160398,0.16609439,0.15130710,0.14453755
