epoch,adamw_cosine,adamw_constant,schedule_free_adamw,sgd_cosine,schedule_free_sgd
1,0.39555139,0.39555139,0.39555139,0.39064423,0.39064423
2,0.16879338,0.16878960,0.21893236,0.33650039,0.36230248
3,0.18269565,0.18272413,0.18260149,0.29859328,0.33797559
4,0.20614387,0.20616935,0.16515005,0.27095758,0.31703587
5,0.15798147,0.15795054,0.14663541,0.25000324,0.29894661
6,0.11414086,0.11410407,0.13386342,0.23353595,0.28325105
7,0.11361716,0.11370567,0.12602147,0.22019868,0.26956291
8,0.14492661,0.14515479,0.12041123,0.20913301,0.25755756
9,0.15781217,0.15793158,0.11609204,0.19977787,0.24696382
10,0.14204839,0.14197430,0.11285791,0.19175219,0.23755634
11,0.12466537,0.12463309,0.11053068,0.18478685,0.22914860
12,0.12497980,0.12518461,0.10887500,0.17868475,0.22158677
13,0.13496426,0.13533422,0.10768596,0.17329698,0.21474423
14,0.14319265,0.14354811,0.10683138,0.16850806,0.20851693
15,0.14356520,0.14372233,0.10622943,0.16422664,0.20281934
16,0.13649950,0.13640881,0.10582052,0.16037917,0.19758117
17,0.12729555,0.12711477,0.10555642,0.15690570,0.19274448
18,0.12189879,0.12189581,0.10539859,0.15375678,0.18826142
19,0.12211754,0.12237657,0.10531748,0.15089124,0.18409229
20,0.12397306,0.12422809,0.10529079,0.14827455,0.18020399
21,0.12309786,0.12308803,0.10530159,0.14587748,0.17656871
22,0.11926640,0.11900155,0.10533690,0.14367516,0.17316294
23,0.11476448,0.11442989,0.10538680,0.14164631,0.16996660
24,0.11143889,0.11121636,0.10544376,0.13977258,0.16696241
25,0.11000344,0.11002477,0.10550214,0.13803807,0.16413530
26,0.11028390,0.11055933,0.10555787,0.13642899,0.16147203
27,0.11129051,0.11166836,0.10560804,0.13493324,0.15896082
28,0.11188108,0.11217963,0.10565073,0.13354021,0.15659113
29,0.11166511,0.11185357,0.10568477,0.13224058,0.15435339
30,0.11117150,0.11139815,0.10570957,0.13102606,0.15223887
31,0.11115724,0.11155945,0.10572503,0.12988931,0.15023957
32,0.11169483,0.11214560,0.10573140,0.12882380,0.14834808
33,0.11198504,0.11213688,0.10572918,0.12782367,0.14655753
34,0.11126515,0.11094516,0.10571910,0.12688369,0.14486152
35,0.10969722,0.10912175,0.10570198,0.12599914,0.14325410
36,0.10813871,0.10770585,0.10567877,0.12516579,0.14172967
37,0.10732710,0.10729013,0.10565041,0.12437979,0.14028301
38,0.10737158,0.10766998,0.10561790,0.12363767,0.13890924
39,0.10781175,0.10816004,0.10558217,0.12293627,0.13760379
40,0.10807609,0.10823220,0.10554414,0.12227273,0.13636238
41,0.10793942,0.10791689,0.10550465,0.12164443,0.13518101
42,0.10761958,0.10764971,0.10546447,0.12104897,0.13405594
43,0.10748728,0.10776052,0.10542428,0.12048417,0.13298369
44,0.10767909,0.10810514,0.10538469,0.11994802,0.13196101
45,0.10796063,0.10821438,0.10534619,0.11943869,0.13098489
46,0.10796733,0.10782249,0.10530921,0.11895446,0.13005250
47,0.10758094,0.10716678,0.10527405,0.11849379,0.12916125
48,0.10703772,0.10670306,0.10524096,0.11805523,0.12830869
49,0.10666875,0.10661053,0.10521009,0.11763744,0.12749258
50,0.10658263,0.10666811,0.10518151,0.11723920,0.12671083
51,0.10661669,0.10657770,0.10515525,0.11685936,0.12596150
52,0.10655416,0.10631179,0.10513126,0.11649686,0.12524281
53,0.10634907,0.10610408,0.10510944,0.11615072,0.12455309
54,0.10614282,0.10613787,0.10508967,0.11582002,0.12389080
55,0.10608964,0.10632097,0.10507177,0.11550391,0.12325450
56,0.10619026,0.10641033,0.10505558,0.11520158,0.12264287
57,0.10630308,0.10630375,0.10504087,0.11491231,0.12205467
58,0.10630042,0.10611807,0.10502746,0.11463540,0.12148877
59,0.10618533,0.10599604,0.10501511,0.11437020,0.12094409
60,0.10605331,0.10593901,0.10500364,0.11411609,0.12041963
61,0.10597310,0.10586064,0.10499284,0.11387253,0.11991448
62,0.10593001,0.10573177,0.10498252,0.11363896,0.11942775
63,0.10587171,0.10561012,0.10497251,0.11341490,0.11895864
64,0.10577879,0.10554875,0.10496266,0.11319987,0.11850638
65,0.10568000,0.10553235,0.10495283,0.11299343,0.11807025
66,0.10561196,0.10551513,0.10494290,0.11279517,0.11764958
67,0.10558074,0.10547971,0.10493276,0.11260469,0.11724374
68,0.10556437,0.10543517,0.10492235,0.11242163,0.11685211
69,0.10554133,0.10538576,0.10491158,0.11224565,0.11647413
70,0.10550746,0.10532849,0.10490041,0.11207640,0.11610926
71,0.10546910,0.10526706,0.10488880,0.11191359,0.11575698
72,0.10543039,0.10520732,0.10487672,0.11175693,0.11541680
73,0.10539065,0.10514542,0.10486416,0.11160613,0.11508827
74,0.10534890,0.10507652,0.10485111,0.11146093,0.11477092
75,0.10530589,0.10501143,0.10483757,0.11132110,0.11446435
76,0.10526193,0.10496690,0.10482355,0.11118639,0.11416814
77,0.10521617,0.10493910,0.10480906,0.11105659,0.11388191
78,0.10516943,0.10490608,0.10479411,0.11093148,0.11360529
79,0.10512607,0.10485981,0.10477872,0.11081087,0.11333791
80,0.10509058,0.10481540,0.10476290,0.11069457,0.11307944
81,0.10506239,0.10478283,0.10474667,0.11058239,0.11282955
82,0.10503577,0.10474901,0.10473003,0.11047417,0.11258792
83,0.10500575,0.10469956,0.10471300,0.11036975,0.11235426
84,0.10497298,0.10464318,0.10469559,0.11026897,0.11212827
85,0.10494194,0.10459804,0.10467780,0.11017169,0.11190968
86,0.10491494,0.10456390,0.10465964,0.11007776,0.11169821
87,0.10488933,0.10452617,0.10464110,0.10998706,0.11149361
88,0.10486074,0.10448227,0.10462219,0.10989946,0.11129564
89,0.10482811,0.10444431,0.10460289,0.10981483,0.11110405
90,0.10479472,0.10441642,0.10458320,0.10973307,0.11091862
91,0.10476450,0.10438788,0.10456311,0.10965407,0.11073913
92,0.10473808,0.10435179,0.10454259,0.10957772,0.11056536
93,0.10471288,0.10431496,0.10452165,0.10950391,0.11039713
94,0.10468650,0.10428412,0.10450024,0.10943257,0.11023422
95,0.10465924,0.10425500,0.10447837,0.10936359,0.11007646
96,0.10463335,0.10422195,0.10445600,0.10929689,0.10992366
97,0.10461020,0.10418825,0.10443311,0.10923239,0.10977566
98,0.10458895,0.10415948,0.10440968,0.10917001,0.10963228
99,0.10456764,0.10413413,0.10438568,0.10910966,0.10949338
100,0.10454527,0.10410765,0.10436108,0.10905129,0.10935879
101,0.10452253,0.10408035,0.10433588,0.10899483,0.10922837
102,0.10450073,0.10405533,0.10431002,0.10894019,0.10910198
103,0.10448037,0.10403214,0.10428350,0.10888733,0.10897949
104,0.10446085,0.10400796,0.10425628,0.10883618,0.10886075
105,0.10444133,0.10398264,0.10422835,0.10878668,0.10874566
106,0.10442161,0.10395833,0.10419967,0.10873878,0.10863409
107,0.10440222,0.10393557,0.10417022,0.10869242,0.10852592
108,0.10438379,0.10391304,0.10413998,0.10864756,0.10842105
109,0.10436642,0.10389044,0.10410892,0.10860414,0.10831936
110,0.10434975,0.10386881,0.10407703,0.10856212,0.10822076
111,0.10433334,0.10384845,0.10404429,0.10852145,0.10812515
112,0.10431710,0.10382838,0.10401067,0.10848208,0.10803242
113,0.10430123,0.10380802,0.10397615,0.10844399,0.10794250
114,0.10428594,0.10378786,0.10394072,0.10840712,0.10785530
115,0.10427125,0.10376827,0.10390436,0.10837143,0.10777072
116,0.10425699,0.10374880,0.10386706,0.10833690,0.10768869
117,0.10424297,0.10372912,0.10382880,0.10830349,0.10760913
118,0.10422915,0.10370963,0.10378957,0.10827115,0.10753196
119,0.10421561,0.10369066,0.10374935,0.10823986,0.10745712
120,0.10420247,0.10367185,0.10370815,0.10820959,0.10738453
121,0.10418975,0.10365285,0.10366595,0.10818031,0.10731412
122,0.10417742,0.10363390,0.10362274,0.10815198,0.10724583
123,0.10416541,0.10361517,0.10357852,0.10812458,0.10717960
124,0.10415368,0.10359628,0.10353329,0.10809808,0.10711537
125,0.10414224,0.10357703,0.10348704,0.10807246,0.10705307
126,0.10413112,0.10355766,0.10343978,0.10804769,0.10699265
127,0.10412034,0.10353825,0.10339151,0.10802374,0.10693405
128,0.10410987,0.10351850,0.10334223,0.10800059,0.10687723
129,0.10409970,0.10349838,0.10329196,0.10797822,0.10682213
130,0.10408978,0.10347812,0.10324069,0.10795661,0.10676870
131,0.10408011,0.10345768,0.10318844,0.10793574,0.10671689
132,0.10407068,0.10343682,0.10313523,0.10791558,0.10666667
133,0.10406149,0.10341560,0.10308106,0.10789611,0.10661797
134,0.10405254,0.10339412,0.10302597,0.10787732,0.10657076
135,0.10404383,0.10337222,0.10296996,0.10785919,0.10652499
136,0.10403535,0.10334981,0.10291306,0.10784170,0.10648064
137,0.10402709,0.10332700,0.10285529,0.10782483,0.10643764
138,0.10401903,0.10330384,0.10279669,0.10780857,0.10639598
139,0.10401118,0.10328020,0.10273727,0.10779290,0.10635560
140,0.10400353,0.10325608,0.10267708,0.10777780,0.10631648
141,0.10399607,0.10323157,0.10261615,0.10776326,0.10627857
142,0.10398882,0.10320656,0.10255451,0.10774926,0.10624185
143,0.10398175,0.10318096,0.10249219,0.10773579,0.10620628
144,0.10397486,0.10315479,0.10242925,0.10772283,0.10617182
145,0.10396814,0.10312805,0.10236571,0.10771038,0.10613846
146,0.10396160,0.10310059,0.10230163,0.10769841,0.10610615
147,0.10395521,0.10307241,0.10223704,0.10768692,0.10607487
148,0.10394899,0.10304348,0.10217200,0.10767589,0.10604458
149,0.10394292,0.10301369,0.10210653,0.10766531,0.10601527
150,0.10393700,0.10298297,0.10204072,0.10765516,0.10598690
151,0.10393123,0.10295130,0.10197456,0.10764545,0.10595945
152,0.10392560,0.10291859,0.10190819,0.10763615,0.10593290
153,0.10392011,0.10288473,0.10184149,0.10762725,0.10590721
154,0.10391476,0.10284967,0.10177489,0.10761874,0.10588236
155,0.10390953,0.10281332,0.10170782,0.10761062,0.10585833
156,0.10390443,0.10277553,0.10164201,0.10760287,0.10583510
157,0.10389945,0.10273619,0.10157581,0.10759548,0.10581264
158,0.10389459,0.10269516,0.10151600,0.10758844,0.10579094
159,0.10388985,0.10265224,0.10144959,0.10758175,0.10576997
160,0.10388522,0.10260721,0.10138524,0.10757538,0.10574971
161,0.10388070,0.10255980,0.10131194,0.10756934,0.10573015
162,0.10387628,0.10250966,0.10124574,0.10756361,0.10571125
163,0.10387197,0.10245635,0.10117840,0.10755818,0.10569301
164,0.10386775,0.10239938,0.10111310,0.10755305,0.10567541
165,0.10386364,0.10233810,0.10104844,0.10754820,0.10565842
166,0.10385961,0.10227170,0.10098420,0.10754364,0.10564204
167,0.10385568,0.10219922,0.10092078,0.10753933,0.10562624
168,0.10385183,0.10211950,0.10085759,0.10753529,0.10561101
169,0.10384807,0.10203120,0.10079516,0.10753150,0.10559633
170,0.10384438,0.10193282,0.10073301,0.10752795,0.10558218
171,0.10384078,0.10182281,0.10067155,0.10752464,0.10556856
172,0.10383725,0.10169968,0.10061046,0.10752155,0.10555545
173,0.10383380,0.10156230,0.10055000,0.10751868,0.10554282
174,0.10383041,0.10141013,0.10048997,0.10751602,0.10553068
175,0.10382709,0.10124334,0.10043055,0.10751356,0.10551900
176,0.10382384,0.10106284,0.10037158,0.10751129,0.10550778
177,0.10382064,0.10086995,0.10031321,0.10750921,0.10549699
178,0.10381751,0.10066620,0.10025532,0.10750731,0.10548663
179,0.10381443,0.10045316,0.10019799,0.10750557,0.10547669
180,0.10381140,0.10023242,0.10014115,0.10750400,0.10546715
181,0.10380843,0.10000574,0.10008486,0.10750258,0.10545800
182,0.10380550,0.09977533,0.10002904,0.10750130,0.10544923
183,0.10380261,0.09954400,0.09997375,0.10750017,0.10544083
184,0.10379977,0.09931517,0.09991892,0.10749916,0.10543280
185,0.10379697,0.09909251,0.09986459,0.10749827,0.10542511
186,0.10379420,0.09887934,0.09981070,0.10749750,0.10541776
187,0.10379147,0.09867805,0.09975728,0.10749683,0.10541074
188,0.10378877,0.09848968,0.09970428,0.10749627,0.10540404
189,0.10378609,0.09831398,0.09965172,0.10749579,0.10539765
190,0.10378344,0.09814974,0.09959954,0.10749540,0.10539157
191,0.10378081,0.09799533,0.09954777,0.10749508,0.10538577
192,0.10377821,0.09784919,0.09949635,0.10749482,0.10538027
193,0.10377562,0.09771002,0.09944531,0.10749463,0.10537503
194,0.10377304,0.09757675,0.09939459,0.10749449,0.10537007
195,0.10377047,0.09744821,0.09934422,0.10749439,0.10536537
196,0.10376792,0.09732289,0.09929413,0.10749433,0.10536092
197,0.10376536,0.09719881,0.09924437,0.10749429,0.10535671
198,0.10376281,0.09707374,0.09919486,0.10749428,0.10535275
199,0.10376026,0.09694559,0.09914564,0.10749427,0.10534901
200,0.10375771,0.09681283,0.09909665,0.10749427,0.10534550
